case_id,case_kind,patch_task_id,metadata_task_id,gt_category,expected_admissible,objective_reason,provenance_consistent,metadata_oracle_validated,objective_positive_after_provenance,deepseek_ok,deepseek_attempt,deepseek_wall_seconds,deepseek_error,deepseek_prompt_tokens,deepseek_completion_tokens,deepseek_total_tokens,deepseek_cost_usd,parsed_ok,non_vacuous,uses_patch_specific_evidence,target_overlap,protection_overlap,candidate_gate,security_predicate,oracle_kind,vacuity_risk,deepseek_only_false_candidate,qgdca_qualified,qgdca_false_admission,qgdca_true_admission
adversarial::CVE-2024-22399-1::meta::CVE-2020-17532,adversarial_mismatched_positive_metadata,CVE-2024-22399-1,CVE-2020-17532,Deserialization of Untrusted Data,False,mismatched_patch_metadata_provenance,False,True,False,True,1,1.93,,609,156,765,5.9e-05,True,True,True,iterable;load;snakeyaml;stream;yaml,deserialization;deserialize;pickle;serialization;untrusted;yaml,True,"The deserialization of untrusted YAML input must be restricted to a safe set of classes, preventing arbitrary code execution via deserialization gadgets.",security_rule,low,True,False,False,False
adversarial::CVE-2021-43859::meta::CVE-2021-29506,adversarial_mismatched_positive_metadata,CVE-2021-43859,CVE-2021-29506,Resource Exhaustion (Denial of Service),False,mismatched_patch_metadata_provenance,False,True,False,True,1,1.8,,561,145,706,4.9e-05,True,False,False,getpointsfromrequest;graphhopper;http;javax;list;navigate;navigation;points,exhaustion;http;navigate;reject;request;resource;startswith,False,The function getPointsFromRequest must reject requests where the path does not start with a valid prefix to prevent resource exhaustion.,security_rule,high,False,False,False,False
base::CVE-2020-13921,base,CVE-2020-13921,CVE-2020-13921,SQL Injection,False,base_failed_patch_diff,True,False,False,True,1,1.87,,621,133,754,5.4e-05,True,False,False,connection;executequery;jdbchikaricpclient;query;sql;string,allowlist;connection;injection;query;sql,False,"The executeQuery method must validate that the SQL query string is constructed using only allowed identifiers and parameters, preventing injection of arbitrary SQL fragments.",static_predicate,high,False,False,False,False
base::CVE-2018-18240,base,CVE-2018-18240,CVE-2018-18240,Deserialization of Untrusted Data,True,base_true_patch_diff,True,True,True,True,1,2.16,,550,149,699,4.8e-05,True,True,True,objectinputstream;read;readobject;stream,deserialization;deserialize;read;serialization;stream,True,WhitelistObjectInputStream checks class name against a whitelist before deserialization and throws InvalidClassException if not whitelisted.,static_predicate,low,False,True,False,True
base::CVE-2021-4178,base,CVE-2021-4178,CVE-2021-4178,Deserialization of Untrusted Data,True,base_true_patch_diff,True,True,True,True,1,2.09,,447,144,591,0.000103,True,True,True,inputstream;load;yaml,deserialization;untrusted;yaml,True,The patch replaces the default Yaml constructor with SafeConstructor to prevent arbitrary object deserialization.,static_predicate,low,False,True,False,True
adversarial::CVE-2022-25845::meta::CVE-2020-17532,adversarial_mismatched_positive_metadata,CVE-2022-25845,CVE-2020-17532,Deserialization of Untrusted Data,False,mismatched_patch_metadata_provenance,False,True,False,True,1,2.34,,559,154,713,0.000121,True,True,False,iterable;load;loadall;snakeyaml;stream;yaml,deserialization;deserialize;pickle;serialization;untrusted;yaml,False,The Yaml.loadAll method must not be called with untrusted input without using a safe constructor that restricts deserialization to safe types.,static_predicate,low,False,False,False,False
base::CVE-2021-32769,base,CVE-2021-32769,CVE-2021-32769,Path Travelsal,True,base_true_patch_diff,True,True,True,True,1,3.12,,562,164,726,0.000125,True,True,True,classloader;getresourceasstream;inputstream;resource;string,base;canonical;directory;normalize;path;reject;resource;startswith,True,"The base directory path must be normalized and resolved to its real path before being used to validate resource paths, and any path traversal attempt must be rejected.",static_predicate,low,False,True,False,True
adversarial::CVE-2024-28213::meta::CVE-2020-17532,adversarial_mismatched_positive_metadata,CVE-2024-28213,CVE-2020-17532,Deserialization of Untrusted Data,False,mismatched_patch_metadata_provenance,False,True,False,True,1,1.71,,598,145,743,8.9e-05,True,True,True,iterable;load;snakeyaml;stream;yaml,deserialization;deserialize;pickle;serialization;yaml,True,The Connector.read method must validate that the serialized class is allowed before deserialization.,static_predicate,low,True,False,False,False
base::CVE-2018-1002201,base,CVE-2018-1002201,CVE-2018-1002201,Path Travelsal,True,base_true_patch_diff,True,True,True,True,1,2.71,,580,201,781,0.000137,True,True,True,file;init;java;java.io.file.<init>;lang;string,canonical;directory;file;path;startswith;traversal,True,"Before writing a zip entry, the code must check that the entry name contains "".."" and that the canonical path of the destination file does not start with the canonical path of the output directory, to prevent path traversal.",static_predicate,low,False,True,False,True
base::CVE-2021-21692,base,CVE-2021-21692,CVE-2021-21692,Path Travelsal,False,base_failed_patch_diff,True,False,False,True,1,2.0,,527,168,695,0.000121,True,True,False,<init>;file;init;java,base;canonical;directory;escape;file;normalize;path;realpath,False,FilePath constructor must canonicalize the path and verify that the resulting path starts with the expected base directory to prevent path traversal.,static_predicate,low,False,False,False,False
adversarial::CVE-2021-32769::meta::CVE-2018-1002201,adversarial_mismatched_positive_metadata,CVE-2021-32769,CVE-2018-1002201,Path Travelsal,False,mismatched_patch_metadata_provenance,False,True,False,True,1,2.25,,550,194,744,0.000131,True,True,True,<init>;file;init;java;java.io.file,base;canonical;directory;file;normalize;path;realpath;startswith,True,"The base directory path must be normalized and resolved to its real path before being used to construct child paths, and any constructed child path must be validated to start with the base directory path to prevent path traversal.",static_predicate,low,True,False,False,False
adversarial::CVE-2023-49299::meta::CVE-2022-47894,adversarial_mismatched_positive_metadata,CVE-2023-49299,CVE-2022-47894,Improper Input Validation (Expression Injection),False,mismatched_patch_metadata_provenance,False,True,False,True,1,1.47,,550,117,667,0.00011,True,True,True,evaluate;expression;javax;namespace;qname;xpath,expression;external;injection;xpath,True,XPath expression input must be validated against external injection before evaluation.,static_predicate,low,True,False,False,False
adversarial::CVE-2020-13940::meta::CVE-2018-1309,adversarial_mismatched_positive_metadata,CVE-2020-13940,CVE-2018-1309,XXE (Improper Restriction of XML External Entity Reference),False,mismatched_patch_metadata_provenance,False,True,False,True,1,2.13,,578,184,762,0.000132,True,True,True,apache;content;handler;nifi;org;parse;parser;sax,doctype;entity;external;parse;parser;xml;xxe,True,The SAX parser must have the feature http://apache.org/xml/features/disallow-doctype-decl set to true before parsing any XML input.,static_predicate,low,True,False,False,False
base::CVE-2022-1274,base,CVE-2022-1274,CVE-2022-1274,XSS (Cross-Site Scripting),True,base_true_patch_diff,True,True,True,True,1,2.1,,543,161,704,0.000121,True,True,False,attribute;forms;keycloak;login;loginformsprovider;provider;setattribute,attribute;encode;escape;html;script;xss,False,LoginFormsProvider.setAttribute must HTML-encode or sanitize any user-controlled attribute value before rendering to prevent XSS.,security_rule,medium,False,False,False,False
base::CVE-2022-37423,base,CVE-2022-37423,CVE-2022-37423,Path Travelsal,False,base_failed_patch_diff,True,False,False,True,1,2.03,,436,176,612,0.00011,True,True,True,<init>;file;init;java;java.io.file,file;path;startswith;traversal,True,The path traversal check must use getCanonicalFile().toPath().startsWith() instead of getCanonicalPath().startsWith() to prevent bypass via symbolic links or path normalization differences.,static_predicate,low,True,False,False,False
base::CVE-2023-46604,base,CVE-2023-46604,CVE-2023-46604,Deserialization of Untrusted Data,False,base_failed_patch_diff,True,False,False,True,1,1.76,,591,130,721,0.000119,True,True,True,objectinput;readobject,allowlist;deserialize;reject;serialization,True,"Before deserializing an object, the class must be validated against an allowlist or rejected if not a Throwable.",security_rule,low,True,False,False,False
base::CVE-2023-34602,base,CVE-2023-34602,CVE-2023-34602,SQL Injection,False,base_failed_patch_diff,True,False,False,True,1,1.98,,496,133,629,0.000107,True,True,True,getquerytableinfo;query;table,allowlist;sql;table,True,The method checkTableAndFieldsName validates table and field names against an allowlist before SQL execution.,static_predicate,low,True,False,False,False
adversarial::CVE-2022-45208::meta::CVE-2018-1002201,adversarial_mismatched_positive_metadata,CVE-2022-45208,CVE-2018-1002201,Path Travelsal,False,mismatched_patch_metadata_provenance,False,True,False,True,1,2.02,,636,186,822,0.000106,True,True,False,file;init;java;java.io.file.<init>,base;canonical;directory;file;normalize;path;realpath;startswith,False,The File constructor must validate that the constructed path is within the intended base directory by canonicalizing both the base and the constructed path and checking that the constructed path starts with the base directory.,static_predicate,low,False,False,False,False
base::CVE-2023-39410,base,CVE-2023-39410,CVE-2023-39410,Deserialization of Untrusted Data,False,base_failed_patch_diff,True,False,False,True,1,2.01,,591,173,764,0.000131,True,True,True,apache;avro;binary;buffer;byte;decoder;direct;long,avro;buffer;deserialize;pickle;read;serialization;untrusted,True,"When reading a fixed-size schema, the size must be validated against the configured maximum byte length limit to prevent resource exhaustion from untrusted input.",static_predicate,low,True,False,False,False
base::CVE-2021-33036,base,CVE-2021-33036,CVE-2021-33036,Path Travelsal,False,base_failed_patch_diff,True,False,False,True,1,2.26,,534,183,717,0.000126,True,True,True,apache;boolean;create;curator;hadoop;manager;zkcurator;zkcuratormanager,base;canonical;create;directory;normalize;path;realpath;startswith,True,ZKCuratorManager.create must accept an ACL parameter to prevent unauthorized path creation that could enable path traversal attacks.,security_rule,low,True,False,False,False
adversarial::CVE-2024-23642::meta::CVE-2019-10770,adversarial_mismatched_positive_metadata,CVE-2024-23642,CVE-2019-10770,XSS (Cross-Site Scripting),False,mismatched_patch_metadata_provenance,False,True,False,True,1,2.09,,639,138,777,0.000128,True,True,True,writer,html;writer,True,All user-controlled data written to SVG output via writer.write must be HTML/XML-escaped using escapeXml10.,static_predicate,low,True,False,False,False
base::CVE-2023-34040,base,CVE-2023-34040,CVE-2023-34040,Deserialization of Untrusted Data,False,base_failed_patch_diff,True,False,False,True,1,1.8,,582,131,713,0.000118,True,True,False,read;readobject,deserialization;deserialize;read;reject;serialization;untrusted,False,Deserialization of untrusted data via readObject must be preceded by validation or rejection of untrusted input.,security_rule,medium,False,False,False,False
base::CVE-2025-25193,base,CVE-2025-25193,CVE-2025-25193,Resource Exhaustion (Denial of Service),False,base_failed_patch_diff,True,False,False,True,1,1.59,,551,138,689,0.000116,True,True,True,allocator;buffer;byte;chunk;chunked;handler;netty;read,buffer;resource;stream,True,"BoundedInputStream.read() and read(byte[],int,int) must enforce a maximum number of bytes read to prevent unbounded resource consumption.",static_predicate,low,True,False,False,False
adversarial::CVE-2020-10683::meta::CVE-2018-1309,adversarial_mismatched_positive_metadata,CVE-2020-10683,CVE-2018-1309,XXE (Improper Restriction of XML External Entity Reference),False,mismatched_patch_metadata_provenance,False,True,False,True,1,2.37,,440,184,624,0.000113,True,True,True,apache;content;handler;nifi;org;parse;parser;sax,doctype;entity;external;parse;parser;xml;xxe,True,The SAX parser must have the feature http://apache.org/xml/features/nonvalidating/load-external-dtd set to false to prevent XXE attacks.,static_predicate,low,True,False,False,False
adversarial::CVE-2023-26480::meta::CVE-2019-10770,adversarial_mismatched_positive_metadata,CVE-2023-26480,CVE-2019-10770,XSS (Cross-Site Scripting),False,mismatched_patch_metadata_provenance,False,True,False,True,1,2.0,,593,171,764,0.000131,True,True,False,body;bodywriter;errorpagerenderer;internal;page;print;ratpack;renderer,encode;escape;html;page;print;script;writer;xss,False,The ErrorPageRenderer.BodyWriter.print method must HTML-encode user-controlled data before writing to the response body.,static_predicate,low,False,False,False,False
adversarial::CVE-2025-25193::meta::CVE-2021-29506,adversarial_mismatched_positive_metadata,CVE-2025-25193,CVE-2021-29506,Resource Exhaustion (Denial of Service),False,mismatched_patch_metadata_provenance,False,True,False,True,1,1.84,,552,127,679,0.000113,True,True,True,,,False,The BoundedInputStream.read() methods must call checkMaxBytesRead() to enforce the read limit.,static_predicate,low,False,False,False,False
adversarial::CVE-2022-34271::meta::CVE-2018-1002201,adversarial_mismatched_positive_metadata,CVE-2022-34271,CVE-2018-1002201,Path Travelsal,False,mismatched_patch_metadata_provenance,False,True,False,True,1,1.87,,601,175,776,9.8e-05,True,True,True,<init>;file;init;java;java.io.file,base;canonical;directory;file;normalize;path;realpath;startswith,True,The zip entry path must be validated to not contain directory traversal sequences before being used to construct a File object.,static_predicate,low,True,False,False,False
adversarial::CVE-2021-29506::meta::CVE-2023-34462,adversarial_mismatched_positive_metadata,CVE-2021-29506,CVE-2023-34462,Resource Exhaustion (Denial of Service),False,mismatched_patch_metadata_provenance,False,True,False,True,1,1.63,,414,125,539,9.3e-05,True,True,False,buffer;byte;bytebuf;context;decode;handler,byte;decode;exhaustion;limit;reject;resource,False,The decode method must validate the length of the input ByteBuf before processing to prevent resource exhaustion.,static_predicate,low,False,False,False,False
base::CVE-2023-6134,base,CVE-2023-6134,CVE-2023-6134,XSS (Cross-Site Scripting),False,base_failed_patch_diff,True,False,False,True,1,2.01,,515,144,659,0.000112,True,False,False,byte;stream;write,byte;encode;escape;html;script;write;xss,False,"When writing bytes to an output stream, the data must be HTML-encoded or escaped to prevent XSS injection.",security_rule,high,False,False,False,False
adversarial::CVE-2021-3856::meta::CVE-2018-1002201,adversarial_mismatched_positive_metadata,CVE-2021-3856,CVE-2018-1002201,Path Travelsal,False,mismatched_patch_metadata_provenance,False,True,False,True,1,1.67,,525,170,695,8.6e-05,True,True,True,<init>;file;init;java;java.io.file,base;canonical;directory;file;normalize;path;realpath;startswith,True,The resource URL path must start with the root resource URL path to prevent directory traversal.,static_predicate,low,True,False,False,False
base::CVE-2018-1190,base,CVE-2018-1190,CVE-2018-1190,XSS (Cross-Site Scripting),True,base_true_patch_diff,True,True,True,True,1,1.74,,558,132,690,0.000115,True,True,True,addattribute;model,escape;html;model,True,All user-controlled strings passed to model.addAttribute must be HTML-escaped before being added to the model.,static_predicate,low,False,True,False,True
base::CVE-2019-3772,base,CVE-2019-3772,CVE-2019-3772,XXE (Improper Restriction of XML External Entity Reference),True,base_true_patch_diff,True,True,True,True,1,1.83,,570,137,707,0.000118,True,False,False,javax;result;source;transform;transformer;xml,doctype;entity;external;result;source;transform;transformer;xml,False,The DocumentBuilderFactory must be configured to disable external entity processing before being used to parse XML.,static_predicate,high,False,False,False,False
base::CVE-2023-0871,base,CVE-2023-0871,CVE-2023-0871,XXE (Improper Restriction of XML External Entity Reference),False,base_failed_patch_diff,True,False,False,True,1,2.1,,450,163,613,0.000109,True,True,False,bind;class;javax;jaxbelement;node;unmarshal;unmarshaller;xml,block;doctype;entity;external;node;reject;unmarshal;xml,False,The unmarshal method must reject XML input containing DOCTYPE declarations with external entities to prevent XXE.,static_predicate,medium,False,False,False,False
base::APACHE-COMMONS-001,base,APACHE-COMMONS-001,APACHE-COMMONS-001,Path Travelsal,True,base_true_patch_diff,True,True,True,True,1,2.49,,595,200,795,0.000139,True,True,True,file;files;open;option;path;stream,allowlist;base;canonical;containment;directory;file;files;normalize,True,The canonical path of the target directory must be suffixed with a file separator character before checking if an entry path starts with it.,static_predicate,low,False,True,False,True
adversarial::CVE-2018-1190::meta::CVE-2019-10770,adversarial_mismatched_positive_metadata,CVE-2018-1190,CVE-2019-10770,XSS (Cross-Site Scripting),False,mismatched_patch_metadata_provenance,False,True,False,True,1,1.74,,575,167,742,9.2e-05,True,True,True,body;internal;page;print;ratpack;renderer;writer,encode;escape;html;page;print;script;writer;xss,True,The print method must HTML-escape all user-controlled data before writing to the response body.,static_predicate,low,True,False,False,False
adversarial::CVE-2018-1309::meta::CVE-2018-20059,adversarial_mismatched_positive_metadata,CVE-2018-1309,CVE-2018-20059,XXE (Improper Restriction of XML External Entity Reference),False,mismatched_patch_metadata_provenance,False,True,False,True,1,3.16,,551,197,748,0.000132,True,True,True,bind;javax;javax.xml.bind.unmarshaller.unmarshal;javax.xml.stream.xmlstreamreader;stream;unmarshal;unmarshaller;xml,block;doctype;entity;external;xml;xxe,True,"If XMLStreamReader or SAXParserFactory is used without calling createSafeSaxReader or equivalent external entity blocking, then XXE is possible.",static_predicate,low,True,False,False,False
base::CVE-2023-42809,base,CVE-2023-42809,CVE-2023-42809,Deserialization of Untrusted Data,True,base_true_patch_diff,True,True,True,True,1,1.7,,513,126,639,0.000107,True,True,True,readobject,deserialize;untrusted,True,CustomObjectInputStream.resolveClass throws InvalidClassException if class name is not in allowedClasses set,static_predicate,low,False,True,False,True
base::CVE-2023-40828,base,CVE-2023-40828,CVE-2023-40828,Path Travelsal,True,base_true_patch_diff,True,True,True,True,1,2.03,,592,175,767,0.000132,True,True,True,<init>;file;init;java,canonical;directory;file;path;startswith;traversal,True,"Before creating a file entry from a zip archive, the code must call getCanonicalPath() on both the destination directory and the target file, and verify that the file's canonical path starts with the destination's canonical path.",static_predicate,low,False,True,False,True
base::CVE-2018-11788,base,CVE-2018-11788,CVE-2018-11788,XXE (Improper Restriction of XML External Entity Reference),True,base_true_patch_diff,True,True,True,True,1,2.17,,556,154,710,0.000121,True,True,True,document;documentbuilder;dom;inputstream;javax;javax.xml.parsers.documentbuilder.parse;org;org.w3c.dom.document,doctype;entity;external;stream;xml;xxe,True,The XMLInputFactory returned by newFactory() must have external entity processing disabled by default.,static_predicate,medium,False,True,False,True
base::CVE-2024-49760,base,CVE-2024-49760,CVE-2024-49760,Path Travelsal,True,base_true_patch_diff,True,True,True,True,1,2.57,,534,198,732,0.00013,True,True,True,<init>;file;init;java;java.io.file,base;canonical;directory;file;normalize;path;realpath;startswith,True,The path constructed from module.getPath() and strLangFile must be normalized and checked to start with the normalized langs directory path before being used to create a File object.,static_predicate,low,False,True,False,True
adversarial::CVE-2020-11995::meta::CVE-2020-17532,adversarial_mismatched_positive_metadata,CVE-2020-11995,CVE-2020-17532,Deserialization of Untrusted Data,False,mismatched_patch_metadata_provenance,False,True,False,True,1,1.72,,576,144,720,8.6e-05,True,False,False,iterable;load;loadall;snakeyaml;stream;yaml,deserialize;pickle;serialization;untrusted;yaml,False,Yaml.loadAll must not be called with untrusted input without prior safe-mode configuration.,static_predicate,high,False,False,False,False
adversarial::CVE-2018-17193::meta::CVE-2019-10770,adversarial_mismatched_positive_metadata,CVE-2018-17193,CVE-2019-10770,XSS (Cross-Site Scripting),False,mismatched_patch_metadata_provenance,False,True,False,True,1,1.71,,543,175,718,9e-05,True,True,False,body;bodywriter;errorpagerenderer;internal;page;print;ratpack;renderer,encode;escape;html;page;print;script;writer;xss,False,The ErrorPageRenderer.BodyWriter.print method must HTML-encode user-controlled data before writing to the response body to prevent XSS.,security_rule,low,False,False,False,False
adversarial::CVE-2022-37423::meta::CVE-2018-1002201,adversarial_mismatched_positive_metadata,CVE-2022-37423,CVE-2018-1002201,Path Travelsal,False,mismatched_patch_metadata_provenance,False,True,False,True,1,1.82,,437,169,606,7.3e-05,True,True,True,<init>;file;init;java;java.io.file,canonical;file;path;startswith;traversal,True,The path traversal check must use getCanonicalFile().toPath().startsWith() instead of getCanonicalPath().startsWith() to ensure canonical path comparison is done on normalized path objects.,static_predicate,low,True,False,False,False
adversarial::CVE-2022-1274::meta::CVE-2019-10770,adversarial_mismatched_positive_metadata,CVE-2022-1274,CVE-2019-10770,XSS (Cross-Site Scripting),False,mismatched_patch_metadata_provenance,False,True,False,True,1,1.56,,547,126,673,7.7e-05,True,True,True,,,False,The token's required actions must be verified before processing.,security_rule,low,False,False,False,False
base::CVE-2020-10683,base,CVE-2020-10683,CVE-2020-10683,XXE (Improper Restriction of XML External Entity Reference),True,base_true_patch_diff,True,True,True,True,1,1.89,,436,191,627,0.000115,True,True,True,document;dom4j;inputsource;org;read;saxreader;source;xml,allow;doctype;document;dom4j;entity;external;read;saxreader,True,"SAXReader.read(InputSource) must disable external DTD loading via setFeature(""http://apache.org/xml/features/nonvalidating/load-external-dtd"", false) before parsing.",static_predicate,low,False,True,False,True
adversarial::CVE-2019-20366::meta::CVE-2019-10770,adversarial_mismatched_positive_metadata,CVE-2019-20366,CVE-2019-10770,XSS (Cross-Site Scripting),False,mismatched_patch_metadata_provenance,False,True,False,True,1,1.6,,572,138,710,8.4e-05,True,True,True,,xss,False,The warningMessage attribute must be set with cacheName escaped via StringUtils.escapeHTMLTags to prevent XSS.,static_predicate,low,False,False,False,False
base::CVE-2021-29506,base,CVE-2021-29506,CVE-2021-29506,Resource Exhaustion (Denial of Service),True,base_true_patch_diff,True,True,True,True,1,1.78,,408,133,541,5.9e-05,True,True,True,getpointsfromrequest;httpservletrequest;list;request;resource;string,exhaustion;request;resource,True,The function getPointsFromRequest must validate that the request URL starts with an expected prefix before performing substring operations to prevent resource exhaustion.,static_predicate,medium,False,True,False,True
adversarial::CVE-2020-2222::meta::CVE-2019-10770,adversarial_mismatched_positive_metadata,CVE-2020-2222,CVE-2019-10770,XSS (Cross-Site Scripting),False,mismatched_patch_metadata_provenance,False,True,False,True,1,1.72,,612,142,754,9e-05,True,True,True,,escape;html;xss,False,The tooltip attribute must escape the whyKeepLog value using xmlEscape to prevent XSS.,security_rule,low,False,False,False,False
base::CVE-2019-10770,base,CVE-2019-10770,CVE-2019-10770,XSS (Cross-Site Scripting),True,base_true_patch_diff,True,True,True,True,1,1.58,,586,142,728,8.7e-05,True,True,True,body;bodywriter;errorpagerenderer;print,escape;html;print,True,ErrorPageRenderer.BodyWriter.print must escape HTML in throwable.toString() before writing to the response body.,static_predicate,low,False,True,False,True
adversarial::CVE-2023-51747::meta::CVE-2019-10770,adversarial_mismatched_positive_metadata,CVE-2023-51747,CVE-2019-10770,XSS (Cross-Site Scripting),False,mismatched_patch_metadata_provenance,False,True,False,True,1,1.85,,617,176,793,0.000101,True,False,False,body;bodywriter;errorpagerenderer;internal;page;print;ratpack;renderer,encode;escape;html;page;print;script;writer;xss,False,The ErrorPageRenderer.BodyWriter.print method must HTML-encode the error message before writing it to the response body to prevent XSS.,static_predicate,high,False,False,False,False
adversarial::CVE-2018-1000407::meta::CVE-2019-10770,adversarial_mismatched_positive_metadata,CVE-2018-1000407,CVE-2019-10770,XSS (Cross-Site Scripting),False,mismatched_patch_metadata_provenance,False,True,False,True,1,1.98,,577,137,714,8.4e-05,True,True,True,print;writer,print;writer,True,The wrapper parameter is validated against a regex before being printed to the response writer.,security_rule,low,True,False,False,False
adversarial::CVE-2021-33561::meta::CVE-2019-10770,adversarial_mismatched_positive_metadata,CVE-2021-33561,CVE-2019-10770,XSS (Cross-Site Scripting),False,mismatched_patch_metadata_provenance,False,True,False,True,1,1.99,,632,173,805,0.000102,True,True,False,body;bodywriter;errorpagerenderer;internal;page;print;ratpack;renderer,encode;escape;html;page;print;script;writer;xss,False,The ErrorPageRenderer BodyWriter must HTML-encode user-controlled data before writing to the response body to prevent XSS.,security_rule,low,False,False,False,False
base::CVE-2023-22832,base,CVE-2023-22832,CVE-2023-22832,XXE (Improper Restriction of XML External Entity Reference),True,base_true_patch_diff,True,True,True,True,1,2.21,,675,163,838,0.00014,True,True,False,apache;document;nifi;parse;parsers;processing;provider;standard,doctype;entity;external;parse;xml;xxe,False,The XML parser used in StandardDocumentProvider.parse disables external entity processing and doctype declarations to prevent XXE attacks.,static_predicate,low,False,False,False,False
base::CVE-2018-1309,base,CVE-2018-1309,CVE-2018-1309,XXE (Improper Restriction of XML External Entity Reference),True,base_true_patch_diff,True,True,True,True,1,2.19,,562,184,746,9.5e-05,True,True,True,apache;content;handler;nifi;parse;parser;processing;sax,doctype;entity;external;parse;parser;xml;xxe,True,The method createSafeSaxReader must configure the SAXParserFactory to disable external entity processing and doctype declarations before returning the XMLReader.,static_predicate,low,False,True,False,True
base::CVE-2025-31129,base,CVE-2025-31129,CVE-2025-31129,Deserialization of Untrusted Data,True,base_true_patch_diff,True,True,True,True,1,1.97,,592,124,716,0.000118,True,False,False,objectinput;readobject,allowlist;deserialize;serialization;untrusted,False,The application must not deserialize untrusted data without an allowlist or validation.,security_rule,high,False,False,False,False
adversarial::CVE-2024-22399::meta::CVE-2020-17532,adversarial_mismatched_positive_metadata,CVE-2024-22399,CVE-2020-17532,Deserialization of Untrusted Data,False,mismatched_patch_metadata_provenance,False,True,False,True,1,1.94,,632,152,784,9.6e-05,True,True,True,iterable;load;loadall;snakeyaml;stream;yaml,deserialization;deserialize;pickle;serialization;untrusted;yaml,True,The deserialization of untrusted YAML input via SnakeYaml's loadAll method must be restricted to safe constructs only.,static_predicate,low,True,False,False,False
base::CVE-2022-34271,base,CVE-2022-34271,CVE-2022-34271,Path Travelsal,True,base_true_patch_diff,True,True,True,True,1,1.92,,634,159,793,0.000133,True,True,True,file;files;java;java.nio.file.files.write;java.nio.file.openoption;java.nio.file.path;nio;openoption,file;files;path;traversal;write,True,The patch adds validation that rejects zip entries with relative parent paths before writing to disk.,static_predicate,low,False,True,False,True
base::CVE-2018-19859,base,CVE-2018-19859,CVE-2018-19859,Path Travelsal,True,base_true_patch_diff,True,True,True,True,1,2.47,,548,185,733,0.000129,True,True,True,<init>;file;init;java;java.io.file,base;canonical;directory;file;normalize;path;realpath;startswith,True,"When allocating a file from a zip entry name, the resolved file path must be normalized and checked to start with the normalized base directory path, otherwise an IllegalArgumentException is thrown.",static_predicate,low,False,True,False,True
base::CVE-2024-22399,base,CVE-2024-22399,CVE-2024-22399,Deserialization of Untrusted Data,True,base_true_patch_diff,True,True,True,True,1,2.31,,635,144,779,0.000129,True,True,True,byte;core;deserialize;seata;serializer,authentication;byte;deserialization;deserialize;pickle;reject;serialization;serializer,True,The deserialize method must validate the input byte array before deserialization to prevent untrusted data deserialization attacks.,security_rule,low,False,True,False,True
base::CVE-2018-12432,base,CVE-2018-12432,CVE-2018-12432,XSS (Cross-Site Scripting),True,base_true_patch_diff,True,True,True,True,1,2.13,,462,166,628,0.000111,True,True,True,string,xss,True,"When writeDirectly is called with a string argument that includes user-controlled message, the argument must be wrapped with htmlEncodeButNotSpace(javascriptEncode(...)) to prevent XSS.",static_predicate,low,False,True,False,True
adversarial::CVE-2023-34040::meta::CVE-2020-17532,adversarial_mismatched_positive_metadata,CVE-2023-34040,CVE-2020-17532,Deserialization of Untrusted Data,False,mismatched_patch_metadata_provenance,False,True,False,True,1,1.48,,603,146,749,9e-05,True,True,False,iterable;load;loadall;snakeyaml;stream;yaml,deserialize;pickle;serialization;untrusted;yaml,False,The Yaml.loadAll method must not be called with untrusted input without using a safe constructor.,static_predicate,low,False,False,False,False
adversarial::CVE-2018-20059::meta::CVE-2018-1309,adversarial_mismatched_positive_metadata,CVE-2018-20059,CVE-2018-1309,XXE (Improper Restriction of XML External Entity Reference),False,mismatched_patch_metadata_provenance,False,True,False,True,1,1.66,,463,162,625,7.5e-05,True,True,False,apache;content;handler;nifi;parse;parser;processing;source,doctype;entity;external;parse;parser;xml;xxe,False,The XML parser must disable external entity processing and doctype declarations to prevent XXE attacks.,security_rule,low,False,False,False,False
base::CVE-2021-21608,base,CVE-2021-21608,CVE-2021-21608,XSS (Cross-Site Scripting),True,base_true_patch_diff,True,True,True,True,1,2.44,,595,181,776,0.000134,True,True,True,execute;gargoylesoftware;html;htmlunit;page;result;script;string,encode;escape;html;page;script;xss,True,"When a title string is used as text content of an <option> element inside a YUI Menu, the title must be HTML-escaped before being set to prevent XSS.",static_predicate,low,False,True,False,True
base::CVE-2020-13940,base,CVE-2020-13940,CVE-2020-13940,XXE (Improper Restriction of XML External Entity Reference),True,base_true_patch_diff,True,True,True,True,1,2.11,,590,207,797,0.000141,True,True,True,apache;controller;flow;flowserializer;lookup;nifi;scheduled;serialization,doctype;entity;external;flow;serialization;transform;xml;xxe,True,DocumentBuilderFactory.newInstance() must have FEATURE_DISALLOW_DOCTYPE_DECL set to true and FEATURE_EXTERNAL_GENERAL_ENTITIES and FEATURE_EXTERNAL_PARAM_ENTITIES set to false before parsing XML in FlowSerializer.transform.,static_predicate,low,False,True,False,True
base::CVE-2024-23642,base,CVE-2024-23642,CVE-2024-23642,XSS (Cross-Site Scripting),True,base_true_patch_diff,True,True,True,True,1,2.04,,617,151,768,0.000129,True,True,True,geoserver;svg;svgwriter;write,encode;escape;html;script;write;xss,True,All user-controlled strings written to SVG output are escaped using escapeXml10 before being concatenated into XML tags.,static_predicate,low,False,True,False,True
adversarial::CVE-2022-47894::meta::CVE-2018-1002201,adversarial_mismatched_positive_metadata,CVE-2022-47894,CVE-2018-1002201,Path Travelsal,False,mismatched_patch_metadata_provenance,False,True,False,True,1,1.88,,584,206,790,0.000104,True,True,False,<init>;file;init;java;java.io.file;java.io.file.<init>;java.lang.string;lang,base;canonical;directory;file;normalize;path;realpath;startswith,False,"The constructor java.io.File.<init>(java.io.File, java.lang.String) must ensure that the resulting path is within the base directory by canonicalizing both the base and the child path and checking that the child's canonical path starts with the base's canonical path.",static_predicate,low,False,False,False,False
base::CVE-2021-21610,base,CVE-2021-21610,CVE-2021-21610,XSS (Cross-Site Scripting),True,base_true_patch_diff,True,True,True,True,1,2.22,,577,176,753,0.00013,True,True,True,formatter;html;http;hudson;kohsuke;markup;markupformatter;response,encode;escape;html;http;response;script;xss,True,The MarkupFormatter must enforce Content-Security-Policy headers with default-src 'none' on HTML responses to prevent XSS.,security_rule,low,False,True,False,True
adversarial::CVE-2020-1714::meta::CVE-2020-17532,adversarial_mismatched_positive_metadata,CVE-2020-1714,CVE-2020-17532,Deserialization of Untrusted Data,False,mismatched_patch_metadata_provenance,False,True,False,True,1,2.28,,565,154,719,8.7e-05,True,True,False,load;loadall;yaml,deserialization;deserialize;pickle;serialization;untrusted;yaml,False,Yaml.loadAll must not be called with untrusted input without restricting deserialization to allowed classes.,security_rule,low,False,False,False,False
adversarial::CVE-2018-11788::meta::CVE-2018-1309,adversarial_mismatched_positive_metadata,CVE-2018-11788,CVE-2018-1309,XXE (Improper Restriction of XML External Entity Reference),False,mismatched_patch_metadata_provenance,False,True,False,True,1,1.68,,573,162,735,9e-05,True,True,False,apache;content;handler;nifi;parse;parser;processing;source,doctype;entity;external;parse;parser;xml;xxe,False,The XML parser must disable external entity processing and doctype declarations to prevent XXE attacks.,static_predicate,low,False,False,False,False
adversarial::CVE-2020-1937::meta::CVE-2018-1002201,adversarial_mismatched_positive_metadata,CVE-2020-1937,CVE-2018-1002201,Path Travelsal,False,mismatched_patch_metadata_provenance,False,True,False,True,1,2.32,,569,204,773,0.000102,True,True,False,file;init;java;java.io.file;java.io.file.<init>,base;canonical;directory;file;normalize;path;realpath;startswith,False,"When constructing a java.io.File from a base directory and a user-controlled path, the resulting path must be validated to ensure it stays within the intended base directory, typically by canonicalizing both paths and checking that the canonical child path starts with the canonical base path.",static_predicate,low,False,False,False,False
adversarial::CVE-2021-21608::meta::CVE-2019-10770,adversarial_mismatched_positive_metadata,CVE-2021-21608,CVE-2019-10770,XSS (Cross-Site Scripting),False,mismatched_patch_metadata_provenance,False,True,False,True,1,2.85,,590,164,754,9.3e-05,True,True,True,,html;xss,False,The title variable is escaped via escapeHTML() before being set as the text node of an option element to prevent XSS via YUI Menu interpreting the text node as HTML.,static_predicate,low,False,False,False,False
adversarial::CVE-2019-3772::meta::CVE-2018-1309,adversarial_mismatched_positive_metadata,CVE-2019-3772,CVE-2018-1309,XXE (Improper Restriction of XML External Entity Reference),False,mismatched_patch_metadata_provenance,False,True,False,True,1,1.68,,587,162,749,9.2e-05,True,True,False,apache;content;handler;nifi;parse;parser;processing;source,doctype;entity;external;parse;parser;xml;xxe,False,The XML parser must disable external entity processing and doctype declarations to prevent XXE attacks.,security_rule,low,False,False,False,False
base::CVE-2023-49299,base,CVE-2023-49299,CVE-2023-49299,Improper Input Validation (Expression Injection),False,base_failed_patch_diff,True,False,False,True,1,2.07,,551,134,685,0.000115,True,True,True,apache;dolphinscheduler;evaluate;switch;task;utils,expression;injection,True,The evaluate method must validate and sanitize the input expression before evaluation to prevent expression injection.,static_predicate,low,True,False,False,False
base::CVE-2020-2229,base,CVE-2020-2229,CVE-2020-2229,XSS (Cross-Site Scripting),False,base_failed_patch_diff,True,False,False,True,1,2.48,,597,178,775,0.000133,True,True,True,execute;executejavascript;gargoylesoftware;html;htmlpage;htmlunit;page;result,encode;escape;html;script;xss,True,"When HtmlPage.executeJavaScript is called with a string argument that contains user-controlled data, the string must be HTML-escaped using h.xmlEscape before being passed to executeJavaScript.",static_predicate,low,True,False,False,False
adversarial::CVE-2022-1782::meta::CVE-2019-10770,adversarial_mismatched_positive_metadata,CVE-2022-1782,CVE-2019-10770,XSS (Cross-Site Scripting),False,mismatched_patch_metadata_provenance,False,True,False,True,1,1.71,,568,137,705,8.3e-05,True,True,True,,html,False,The compileMustache function must not hardcode escapeHTML to false; it must use the escapeHtml parameter to control HTML escaping.,static_predicate,low,False,False,False,False
adversarial::CVE-2021-3312::meta::CVE-2018-1309,adversarial_mismatched_positive_metadata,CVE-2021-3312,CVE-2018-1309,XXE (Improper Restriction of XML External Entity Reference),False,mismatched_patch_metadata_provenance,False,True,False,True,1,1.75,,619,166,785,9.8e-05,True,True,True,apache;content;handler;nifi;parse;parser;source;standard,doctype;entity;external;parse;parser;xml;xxe,True,The XML parser must have an EntityResolver set that disallows external entity resolution.,static_predicate,low,True,False,False,False
base::CVE-2020-1714,base,CVE-2020-1714,CVE-2020-1714,Deserialization of Untrusted Data,True,base_true_patch_diff,True,True,True,True,1,1.8,,542,140,682,0.000115,True,True,True,objectinput;readobject,allowlist;deserialize;untrusted,True,ObjectInput.readObject must be preceded by a call to ObjectInputFilter.Config.setObjectInputFilter with a filter that allows only specific classes via addAllowedClass.,security_rule,low,False,True,False,True
base::CVE-2018-17193,base,CVE-2018-17193,CVE-2018-17193,XSS (Cross-Site Scripting),True,base_true_patch_diff,True,True,True,True,1,2.56,,527,152,679,0.000116,True,True,True,attribute;javax;javax.servlet.servletrequest.setattribute;request;servlet;servletrequest;setattribute,attribute;request;xss,True,The request attribute 'contextPath' is set only after sanitization against a whitelist of allowed context paths.,static_predicate,low,False,True,False,True
base::CVE-2022-31195,base,CVE-2022-31195,CVE-2022-31195,Path Travelsal,True,base_true_patch_diff,True,True,True,True,1,2.38,,528,178,706,0.000124,True,True,True,file;init;java,base;canonical;directory;escape;file;normalize;path;realpath,True,"After extracting a zip entry, the canonical path of the resulting file must start with the canonical path of the intended destination directory.",static_predicate,low,False,True,False,True
base::CVE-2023-38992,base,CVE-2023-38992,CVE-2023-38992,SQL Injection,False,base_failed_patch_diff,True,False,False,True,1,2.19,,524,137,661,0.000112,True,True,True,query;querytreelist,allowlist;external;injection;query;reject;sql,True,The patch adds input validation or allowlist filtering to prevent SQL injection in the loadTreeData endpoint.,static_predicate,medium,True,False,False,False
adversarial::CVE-2024-1597::meta::CVE-2018-1002201,adversarial_mismatched_positive_metadata,CVE-2024-1597,CVE-2018-1002201,Path Travelsal,False,mismatched_patch_metadata_provenance,False,True,False,True,1,1.95,,547,185,732,9.3e-05,True,True,False,<init>;file;init;java;java.io.file,base;canonical;directory;file;normalize;path;realpath;startswith,False,The File constructor must validate that the constructed path is within the intended base directory by canonicalizing both paths and checking that the constructed path starts with the base directory.,static_predicate,low,False,False,False,False
adversarial::CVE-2020-9484::meta::CVE-2018-1002201,adversarial_mismatched_positive_metadata,CVE-2020-9484,CVE-2018-1002201,Path Travelsal,False,mismatched_patch_metadata_provenance,False,True,False,True,1,1.95,,587,187,774,9.9e-05,True,True,True,file;init;java;java.io.file.<init>,base;canonical;directory;file;normalize;path;realpath;startswith,True,"Before accessing a file derived from user input, the code must verify that the file's canonical path starts with the canonical path of the intended storage directory.",static_predicate,low,True,False,False,False
base::CVE-2024-1597,base,CVE-2024-1597,CVE-2024-1597,SQL Injection,False,base_failed_patch_diff,True,False,False,True,1,1.63,,507,117,624,0.000104,True,True,True,execute;prepared;query;result;sql;statement,authentication;nan;query;sql,True,The method quoteAndCast must be invoked for all parameter values before they are included in a SQL query string.,static_predicate,low,True,False,False,False
base::CVE-2022-34170,base,CVE-2022-34170,CVE-2022-34170,XSS (Cross-Site Scripting),False,base_failed_patch_diff,True,False,False,True,1,2.14,,603,170,773,0.000132,True,True,True,execute;gargoylesoftware;html;htmlunit;page;result;script,encode;escape;html;script;xss,True,"When constructing altText in helpLink.jelly, attrs.featureName must be HTML-escaped before concatenation to prevent XSS.",static_predicate,low,True,False,False,False
adversarial::CVE-2021-21610::meta::CVE-2019-10770,adversarial_mismatched_positive_metadata,CVE-2021-21610,CVE-2019-10770,XSS (Cross-Site Scripting),False,mismatched_patch_metadata_provenance,False,True,False,True,1,1.92,,573,170,743,9.3e-05,True,True,False,body;internal;page;print;ratpack;renderer;writer,encode;escape;html;page;print;script;writer;xss,False,The print method must HTML-encode user-controlled data before writing to the response body to prevent XSS.,security_rule,medium,False,False,False,False
adversarial::APACHE-COMMONS-001::meta::CVE-2018-1002201,adversarial_mismatched_positive_metadata,APACHE-COMMONS-001,CVE-2018-1002201,Path Travelsal,False,mismatched_patch_metadata_provenance,False,True,False,True,1,1.89,,568,181,749,9.5e-05,True,True,True,<init>;file;init;java;java.io.file,base;canonical;directory;file;normalize;path;realpath;startswith,True,The canonical path of the target directory must be compared with a trailing separator to ensure that extracted file paths are properly validated against path traversal.,static_predicate,low,True,False,False,False
base::CVE-2024-22399-1,base,CVE-2024-22399-1,CVE-2024-22399-1,Deserialization of Untrusted Data,False,base_failed_patch_diff,True,False,False,True,1,2.22,,613,163,776,0.000131,True,True,True,com,deserialize;reject;serialization,True,SerializerSecurityRegistry.getSeataAllowedClasses must not include dangerous JNDI classes like javax.naming.InitialContext or com.unboundid.ldap.*,security_rule,low,True,False,False,False
base::CVE-2024-28213,base,CVE-2024-28213,CVE-2024-28213,Deserialization of Untrusted Data,True,base_true_patch_diff,True,True,True,True,1,2.03,,578,130,708,0.000117,True,True,True,objectinputstream;readobject;stream,deserialize;serialization;stream;untrusted,True,ObjectInputStream.readObject is called without a serialization filter that rejects untrusted classes,static_predicate,low,False,True,False,True
base::CVE-2022-31192,base,CVE-2022-31192,CVE-2022-31192,XSS (Cross-Site Scripting),True,base_true_patch_diff,True,True,True,True,1,2.1,,589,173,762,0.000131,True,True,True,httpservletrequest;httpservletresponse;jspmanager;request;showjsp;string,html;request;xss,True,"All user-controlled request parameters (email, reqname, coment) are HTML-escaped via StringEscapeUtils.escapeHtml4 before being passed to showJSP.",static_predicate,low,False,True,False,True
adversarial::CVE-2020-17532::meta::CVE-2021-25642,adversarial_mismatched_positive_metadata,CVE-2020-17532,CVE-2021-25642,Deserialization of Untrusted Data,False,mismatched_patch_metadata_provenance,False,True,False,True,1,1.62,,538,116,654,0.000108,True,True,True,,deserialization,False,YAML deserialization uses SafeConstructor to restrict type resolution,static_predicate,low,False,False,False,False
adversarial::CVE-2023-46604::meta::CVE-2020-17532,adversarial_mismatched_positive_metadata,CVE-2023-46604,CVE-2020-17532,Deserialization of Untrusted Data,False,mismatched_patch_metadata_provenance,False,True,False,True,1,1.59,,613,149,762,9.2e-05,True,True,True,iterable;load;snakeyaml;stream;yaml,deserialize;pickle;serialization;yaml,True,The method validateIsThrowable must be called on any class before it is deserialized from YAML input.,static_predicate,medium,True,False,False,False
adversarial::CVE-2022-31197::meta::CVE-2018-1002201,adversarial_mismatched_positive_metadata,CVE-2022-31197,CVE-2018-1002201,Path Travelsal,False,mismatched_patch_metadata_provenance,False,True,False,True,1,3.02,,605,187,792,0.000102,True,True,True,file;init;java;java.io.file.<init>,base;canonical;directory;file;normalize;path;realpath;startswith,True,"When constructing a File from a base directory and a user-controlled path, the path must be validated to prevent directory traversal by ensuring the canonical path starts with the base directory's canonical path.",static_predicate,low,True,False,False,False
base::CVE-2019-17091,base,CVE-2019-17091,CVE-2019-17091,XSS (Cross-Site Scripting),False,base_failed_patch_diff,True,False,False,True,1,1.91,,414,128,542,9.4e-05,True,True,True,partialresponsewriter;write,encode;escape;html;write,True,PartialResponseWriter.writeText is used instead of PartialResponseWriter.write to ensure window ID is HTML-escaped,static_predicate,low,True,False,False,False
adversarial::CVE-2023-41034::meta::CVE-2018-1309,adversarial_mismatched_positive_metadata,CVE-2023-41034,CVE-2018-1309,XXE (Improper Restriction of XML External Entity Reference),False,mismatched_patch_metadata_provenance,False,True,False,True,1,1.92,,596,178,774,9.8e-05,True,True,True,apache;org;parse;xml,doctype;entity;external;parse;xml;xxe,True,DocumentBuilderFactory must have the feature http://apache.org/xml/features/disallow-doctype-decl set to true before parsing XML to prevent XXE attacks.,static_predicate,low,True,False,False,False
adversarial::CVE-2021-21605::meta::CVE-2018-1002201,adversarial_mismatched_positive_metadata,CVE-2021-21605,CVE-2018-1002201,Path Travelsal,False,mismatched_patch_metadata_provenance,False,True,False,True,1,2.12,,573,207,780,0.000103,True,True,True,file;init;java;java.io.file;java.io.file.<init>,base;canonical;directory;file;normalize;path;realpath;startswith,True,"When constructing a java.io.File from a base directory and a user-controlled child path, the child path must be validated to ensure it does not escape the base directory, typically by canonicalizing both paths and checking that the child's canonical path starts with the base's canonical path.",security_rule,low,True,False,False,False
adversarial::CVE-2023-34602::meta::CVE-2018-1002201,adversarial_mismatched_positive_metadata,CVE-2023-34602,CVE-2018-1002201,Path Travelsal,False,mismatched_patch_metadata_provenance,False,True,False,True,1,1.76,,509,177,686,8.6e-05,True,True,True,file;init;java;java.io.file.<init>,base;canonical;directory;file;normalize;path;realpath;startswith,True,The method checkTableAndFieldsName validates that all table and field names in the query list do not contain path traversal sequences.,static_predicate,low,True,False,False,False
adversarial::CVE-2023-6134::meta::CVE-2019-10770,adversarial_mismatched_positive_metadata,CVE-2023-6134,CVE-2019-10770,XSS (Cross-Site Scripting),False,mismatched_patch_metadata_provenance,False,True,False,True,1,1.92,,544,175,719,9e-05,True,False,False,body;bodywriter;errorpagerenderer;internal;page;print;ratpack;renderer,encode;escape;html;page;print;script;writer;xss,False,The ErrorPageRenderer.BodyWriter.print method must HTML-encode user-controlled data before writing to the response body to prevent XSS.,static_predicate,high,False,False,False,False
base::CVE-2020-2222,base,CVE-2020-2222,CVE-2020-2222,XSS (Cross-Site Scripting),False,base_failed_patch_diff,True,False,False,True,1,2.55,,619,171,790,0.000135,True,True,True,execute;gargoylesoftware;html;htmlunit;page;result;script,encode;escape;html;script;xss,True,The tooltip attribute in badge.jelly uses h.xmlEscape on build.whyKeepLog to prevent XSS.,static_predicate,low,True,False,False,False
base::CVE-2019-5312,base,CVE-2019-5312,CVE-2019-5312,XXE (Improper Restriction of XML External Entity Reference),True,base_true_patch_diff,True,True,True,True,1,2.09,,612,179,791,0.000136,True,True,True,documentbuilder;inputstream;javax;org;parse;parsers;xml,doctype;xml,True,"DocumentBuilderFactory.newInstance().setFeature(""http://apache.org/xml/features/disallow-doctype-decl"", true) is called before DocumentBuilder.parse()",static_predicate,low,False,True,False,True
base::CVE-2023-26480,base,CVE-2023-26480,CVE-2023-26480,XSS (Cross-Site Scripting),True,base_true_patch_diff,True,True,True,True,1,1.95,,586,150,736,0.000124,True,True,False,list;livedataquery;properties;setproperties,encode;escape;html;list;properties;xss,False,The setProperties method must HTML-encode or sanitize each property value in the provided list before storing it in the LiveDataQuery object.,static_predicate,low,False,False,False,False
adversarial::CVE-2019-10770::meta::CVE-2019-20366,adversarial_mismatched_positive_metadata,CVE-2019-10770,CVE-2019-20366,XSS (Cross-Site Scripting),False,mismatched_patch_metadata_provenance,False,True,False,True,1,1.91,,566,162,728,0.000125,True,True,True,attribute;javax;javax.servlet.servletrequest.setattribute;request;servlet;servletrequest;setattribute,attribute;encode;escape;html;script;xss,True,All user-controlled data passed to setAttribute must be HTML-escaped before being rendered in error pages.,static_predicate,low,True,False,False,False
base::CVE-2022-0265,base,CVE-2022-0265,CVE-2022-0265,XXE (Improper Restriction of XML External Entity Reference),False,base_failed_patch_diff,True,False,False,True,1,2.33,,591,160,751,0.000128,True,True,True,documentbuilder;inputstream;javax;parse;parsers;stream;xml,doctype;entity;external;stream;xml;xxe,True,"The patch sets a DocumentBuilderFactory feature to disallow DOCTYPE declarations, preventing XXE attacks.",static_predicate,low,True,False,False,False
adversarial::CVE-2023-29202::meta::CVE-2019-10770,adversarial_mismatched_positive_metadata,CVE-2023-29202,CVE-2019-10770,XSS (Cross-Site Scripting),False,mismatched_patch_metadata_provenance,False,True,False,True,1,1.82,,590,167,757,9.4e-05,True,True,False,body;internal;page;print;ratpack;renderer;writer,encode;escape;html;page;print;script;writer;xss,False,The print method must HTML-encode the error message body before writing it to the response.,static_predicate,low,False,False,False,False
adversarial::CVE-2022-31194::meta::CVE-2018-1002201,adversarial_mismatched_positive_metadata,CVE-2022-31194,CVE-2018-1002201,Path Travelsal,False,mismatched_patch_metadata_provenance,False,True,False,True,1,1.62,,547,175,722,9e-05,True,True,True,<init>;file;init;java;java.io.file,base;canonical;directory;file;normalize;path;realpath;startswith,True,The canonical path of the file must start with the base directory to prevent path traversal.,static_predicate,low,True,False,False,False
adversarial::CVE-2021-21692::meta::CVE-2018-1002201,adversarial_mismatched_positive_metadata,CVE-2021-21692,CVE-2018-1002201,Path Travelsal,False,mismatched_patch_metadata_provenance,False,True,False,True,1,2.0,,536,174,710,8.9e-05,True,True,False,<init>;file;init;java;java.io.file,base;canonical;directory;file;normalize;path;realpath;startswith,False,FilePath constructor must validate that the resolved path starts with the base directory after canonicalization to prevent path traversal.,security_rule,low,False,False,False,False
base::CVE-2022-1782,base,CVE-2022-1782,CVE-2022-1782,XSS (Cross-Site Scripting),False,base_failed_patch_diff,True,False,False,True,1,1.51,,559,134,693,0.000116,True,True,True,compilemustache;mustache,html,True,The compileMustache function must not hardcode escapeHTML to false; it must use the escapeHtml parameter to control HTML escaping.,static_predicate,low,True,False,False,False
adversarial::CVE-2018-1002201::meta::CVE-2018-19859,adversarial_mismatched_positive_metadata,CVE-2018-1002201,CVE-2018-19859,Path Travelsal,False,mismatched_patch_metadata_provenance,False,True,False,True,1,2.01,,579,158,737,0.000125,True,True,True,file;java,canonical;directory;file;path;startswith;traversal,True,"Before accessing a file extracted from a zip entry, the code must check that the entry name contains '..' and that the canonical path of the destination file starts with the canonical path of the output directory.",static_predicate,low,True,False,False,False
adversarial::CVE-2021-44228::meta::CVE-2018-1002201,adversarial_mismatched_positive_metadata,CVE-2021-44228,CVE-2018-1002201,Path Travelsal,False,mismatched_patch_metadata_provenance,False,True,False,True,1,3.15,,594,206,800,0.000106,True,True,False,<init>;file;init;java;java.io.file,base;canonical;directory;file;normalize;path;realpath;startswith,False,"When constructing a java.io.File from a base directory and a child path, the child path must be validated to ensure it does not escape the base directory, typically by canonicalizing both paths and checking that the child's canonical path starts with the base's canonical path.",security_rule,low,False,False,False,False
adversarial::CVE-2023-40828::meta::CVE-2018-1002201,adversarial_mismatched_positive_metadata,CVE-2023-40828,CVE-2018-1002201,Path Travelsal,False,mismatched_patch_metadata_provenance,False,True,False,True,1,1.72,,601,144,745,8.9e-05,True,True,True,<init>;file;init;java;java.io.file,canonical;directory;file;path;startswith;traversal,True,"Before using a file entry from a zip archive, its canonical path must be checked to start with the destination directory's canonical path.",static_predicate,low,True,False,False,False
base::CVE-2023-41034,base,CVE-2023-41034,CVE-2023-41034,XXE (Improper Restriction of XML External Entity Reference),True,base_true_patch_diff,True,True,True,True,1,6.85,,573,181,754,0.000131,True,True,True,xml,doctype;entity;external;xml;xxe,True,"DocumentBuilderFactory.newDocumentBuilder() must have setFeature(""http://apache.org/xml/features/disallow-doctype-decl"", true) before parse() to prevent XXE.",static_predicate,low,False,True,False,True
adversarial::CVE-2022-29253::meta::CVE-2018-1002201,adversarial_mismatched_positive_metadata,CVE-2022-29253,CVE-2018-1002201,Path Travelsal,False,mismatched_patch_metadata_provenance,False,True,False,True,1,2.98,,532,176,708,8.9e-05,True,True,False,<init>;file;init;java;java.io.file,base;canonical;directory;file;normalize;path;realpath;startswith,False,The path constructed from user input must be validated to start with the canonical base directory after normalization to prevent directory traversal.,static_predicate,low,False,False,False,False
adversarial::CVE-2023-0871::meta::CVE-2018-1309,adversarial_mismatched_positive_metadata,CVE-2023-0871,CVE-2018-1309,XXE (Improper Restriction of XML External Entity Reference),False,mismatched_patch_metadata_provenance,False,True,False,True,1,1.67,,441,163,604,7.2e-05,True,True,False,apache;content;handler;nifi;parse;parser;processing;source,doctype;entity;external;parse;parser;xml;xxe,False,The XML parser must disable external entity processing and DOCTYPE declarations to prevent XXE attacks.,static_predicate,low,False,False,False,False
adversarial::CVE-2020-13921::meta::CVE-2018-1002201,adversarial_mismatched_positive_metadata,CVE-2020-13921,CVE-2018-1002201,Path Travelsal,False,mismatched_patch_metadata_provenance,False,True,False,True,1,2.88,,601,188,789,0.000102,True,True,False,<init>;file;init;java;java.io.file;string,base;canonical;directory;file;normalize;path;realpath;startswith,False,"The constructor java.io.File(File, String) must ensure that the resulting path is within the intended base directory by validating that the canonical path starts with the canonical base path.",static_predicate,low,False,False,False,False
adversarial::CVE-2022-34916::meta::CVE-2018-1002201,adversarial_mismatched_positive_metadata,CVE-2022-34916,CVE-2018-1002201,Path Travelsal,False,mismatched_patch_metadata_provenance,False,True,False,True,1,2.04,,588,202,790,0.000104,True,True,False,<init>;file;init;java;java.io.file,base;canonical;directory;file;normalize;path;realpath;startswith,False,"When constructing a java.io.File from a base directory and a user-controlled path, the resulting path must be validated to ensure it stays within the intended base directory, typically by canonicalizing both paths and checking that the canonical child path starts with the canonical base path.",security_rule,low,False,False,False,False
adversarial::CVE-2025-31129::meta::CVE-2020-17532,adversarial_mismatched_positive_metadata,CVE-2025-31129,CVE-2020-17532,Deserialization of Untrusted Data,False,mismatched_patch_metadata_provenance,False,True,False,True,1,1.69,,615,152,767,9.4e-05,True,True,True,,,False,The application must not allow setting encoded values in pac4j session objects from outside the pac4j internal code.,security_rule,low,False,False,False,False
adversarial::CVE-2021-25642::meta::CVE-2020-17532,adversarial_mismatched_positive_metadata,CVE-2021-25642,CVE-2020-17532,Deserialization of Untrusted Data,False,mismatched_patch_metadata_provenance,False,True,False,True,1,1.77,,555,136,691,8.1e-05,True,True,True,,deserialization;deserialize;untrusted,False,The patch replaces ObjectInputStream with ValidatingObjectInputStream to restrict deserialization of untrusted classes.,static_predicate,low,False,False,False,False
adversarial::CVE-2023-39410::meta::CVE-2020-17532,adversarial_mismatched_positive_metadata,CVE-2023-39410,CVE-2020-17532,Deserialization of Untrusted Data,False,mismatched_patch_metadata_provenance,False,True,False,True,1,1.9,,570,172,742,9.3e-05,True,True,True,iterable;load;snakeyaml;stream;yaml,deserialization;deserialize;pickle;serialization;untrusted;yaml,True,"The patch replaces a generic IllegalArgumentException with a call to SystemLimitException.checkMaxBytesLength(size) to enforce a maximum byte length limit on fixed schema sizes, preventing deserialization of untrusted YAML input with oversized fixed sizes.",static_predicate,low,True,False,False,False
base::CVE-2019-20366,base,CVE-2019-20366,CVE-2019-20366,XSS (Cross-Site Scripting),True,base_true_patch_diff,True,True,True,True,1,2.06,,552,153,705,0.00012,True,True,True,javax;javax.servlet.servletrequest.setattribute;request;servlet;servletrequest;setattribute;string,html,True,"When request.setAttribute is called with a user-influenced string as the value, the string must be HTML-escaped before being set.",static_predicate,low,False,True,False,True
adversarial::CVE-2023-27480::meta::CVE-2018-1309,adversarial_mismatched_positive_metadata,CVE-2023-27480,CVE-2018-1309,XXE (Improper Restriction of XML External Entity Reference),False,mismatched_patch_metadata_provenance,False,True,False,True,1,2.1,,476,185,661,8.3e-05,True,True,True,apache;content;handler;nifi;org;parse;parser;source,doctype;entity;external;parse;parser;xml;xxe,True,The XML parser must have the feature http://apache.org/xml/features/disallow-doctype-decl set to true before parsing any XML input.,static_predicate,low,True,False,False,False
base::CVE-2022-29253,base,CVE-2022-29253,CVE-2022-29253,Path Travelsal,True,base_true_patch_diff,True,True,True,True,1,2.93,,535,174,709,0.000124,True,True,True,class;classloader;getresource;loader;resource,allowlist;base;canonical;directory;escape;loader;normalize;path,True,The resource path must be normalized and verified to start with a base directory before being passed to ClassLoader.getResource.,static_predicate,low,False,True,False,True
adversarial::CVE-2023-37913::meta::CVE-2018-1002201,adversarial_mismatched_positive_metadata,CVE-2023-37913,CVE-2018-1002201,Path Travelsal,False,mismatched_patch_metadata_provenance,False,True,False,True,1,2.03,,549,192,741,9.5e-05,True,True,False,<init>;file;init;java;java.io.file,base;canonical;directory;file;normalize;path;realpath;startswith,False,The File constructor must validate that the constructed path is within the intended base directory by canonicalizing both the base and the constructed path and checking that the constructed canonical path starts with the base canonical path.,static_predicate,low,False,False,False,False
base::CVE-2022-45208,base,CVE-2022-45208,CVE-2022-45208,SQL Injection,False,base_failed_patch_diff,True,False,False,True,1,2.1,,611,169,780,0.000133,True,True,True,delete;deleted;deletelogicdeleted;logic;mapper;modules;string;system,delete;injection;sql,True,"The deleteLogicDeleted method in SysUserMapper must use parameterized MyBatis queries (e.g., #{}) instead of string concatenation to prevent SQL injection.",static_predicate,low,True,False,False,False
base::CVE-2022-34916,base,CVE-2022-34916,CVE-2022-34916,Expression Language Injection (JNDI Injection),False,base_failed_patch_diff,True,False,False,True,1,1.95,,555,158,713,0.000122,True,True,True,initialcontext;java;javax;javax.naming.initialcontext.lookup;lookup;naming,jndi;lookup,True,The JNDI lookup destinationName must be validated to ensure its scheme is JAVA_SCHEME before being passed to InitialContext.lookup.,static_predicate,low,True,False,False,False
base::CVE-2021-25642,base,CVE-2021-25642,CVE-2021-25642,Deserialization of Untrusted Data,True,base_true_patch_diff,True,True,True,True,1,1.71,,532,136,668,0.000113,True,True,True,objectinputstream;readobject;stream,allowlist;deserialization;deserialize;serialization;stream,True,The patch replaces ObjectInputStream with ValidatingObjectInputStream to enforce allowlist-based deserialization validation.,static_predicate,low,False,True,False,True
base::CVE-2023-27480,base,CVE-2023-27480,CVE-2023-27480,XXE (Improper Restriction of XML External Entity Reference),True,base_true_patch_diff,True,True,True,True,1,1.98,,461,172,633,0.000113,True,True,True,documentbuilder;inputstream;javax;org;parse;parsers;stream;xml,doctype;entity;external;parse;stream;xml;xxe,True,"DocumentBuilderFactory.setFeature(""http://apache.org/xml/features/disallow-doctype-decl"", true) is called before DocumentBuilder.parse(InputStream)",static_predicate,low,False,True,False,True
adversarial::CVE-2023-42809::meta::CVE-2020-17532,adversarial_mismatched_positive_metadata,CVE-2023-42809,CVE-2020-17532,Deserialization of Untrusted Data,False,mismatched_patch_metadata_provenance,False,True,False,True,1,1.81,,538,145,683,8.1e-05,True,True,True,,deserialize;serialization;untrusted,False,CustomObjectInputStream.resolveClass() throws InvalidClassException if the class name is not in the allowedClasses set.,static_predicate,low,False,False,False,False
base::CVE-2020-1937,base,CVE-2020-1937,CVE-2020-1937,SQL Injection,False,base_failed_patch_diff,True,False,False,True,1,1.93,,569,150,719,0.000122,True,False,False,apache;cube;kylin;query;querysystemcube;response;rest;service,allowlist;authorization;cube;query;reject;system,False,The querySystemCube function must reject queries for system cubes that are not in the allowlist.,static_predicate,high,False,False,False,False
base::CVE-2018-20059,base,CVE-2018-20059,CVE-2018-20059,XXE (Improper Restriction of XML External Entity Reference),True,base_true_patch_diff,True,True,True,True,1,1.79,,452,148,600,0.000105,True,True,True,bind;javax;unmarshal;unmarshaller;xml;xmlstreamreader,block;doctype;entity;external;xml;xxe,True,The Unmarshaller must have XML external entity processing disabled before unmarshalling from an XMLStreamReader.,static_predicate,low,False,True,False,True
adversarial::CVE-2022-0265::meta::CVE-2018-1309,adversarial_mismatched_positive_metadata,CVE-2022-0265,CVE-2018-1309,XXE (Improper Restriction of XML External Entity Reference),False,mismatched_patch_metadata_provenance,False,True,False,True,1,2.09,,608,179,787,0.0001,True,True,True,apache;content;handler;nifi;parse;parser;source;standard,doctype;entity;external;parse;parser;xml;xxe,True,The XML parser must have the FEATURE_DISALLOW_DOCTYPE_DECL set to true before parsing any XML input.,static_predicate,low,True,False,False,False
adversarial::CVE-2023-34462::meta::CVE-2021-29506,adversarial_mismatched_positive_metadata,CVE-2023-34462,CVE-2021-29506,Resource Exhaustion (Denial of Service),False,mismatched_patch_metadata_provenance,False,True,False,True,1,1.62,,581,142,723,8.6e-05,True,True,False,getpointsfromrequest;graphhopper;http;javax;list;navigate;navigation;points,exhaustion;http;navigate;reject;request;resource;startswith,False,The function getPointsFromRequest must reject request parameters that start with a leading slash to prevent resource exhaustion.,static_predicate,low,False,False,False,False
adversarial::CVE-2022-31192::meta::CVE-2019-10770,adversarial_mismatched_positive_metadata,CVE-2022-31192,CVE-2019-10770,XSS (Cross-Site Scripting),False,mismatched_patch_metadata_provenance,False,True,False,True,1,1.7,,573,162,735,9e-05,True,True,True,,,False,"All user-controlled parameters (email, reqname, coment) obtained via request.getParameter are passed through StringEscapeUtils.escapeHtml4 before being used in output.",static_predicate,low,False,False,False,False
base::CVE-2021-33561,base,CVE-2021-33561,CVE-2021-33561,XSS (Cross-Site Scripting),True,base_true_patch_diff,True,True,True,True,1,2.12,,614,170,784,0.000134,True,True,True,attribute;javax;javax.servlet.servletrequest.setattribute;request;servlet;servletrequest;setattribute,attribute;encode;escape;html;request;script;xss,True,All user-controlled data passed to ServletRequest.setAttribute must be HTML-encoded or sanitized before being set as an attribute to prevent XSS.,security_rule,low,False,True,False,True
base::CVE-2020-11995,base,CVE-2020-11995,CVE-2020-11995,Deserialization of Untrusted Data,True,base_true_patch_diff,True,True,True,True,1,1.8,,620,130,750,0.000123,True,True,False,fastjson;fastjsonobjectinput;readobject,allowlist;deserialization;deserialize;fastjson;reject;untrusted,False,FastJsonObjectInput.readObject must reject deserialization of classes not in an allowlist.,security_rule,medium,False,False,False,False
adversarial::CVE-2023-22832::meta::CVE-2018-1309,adversarial_mismatched_positive_metadata,CVE-2023-22832,CVE-2018-1309,XXE (Improper Restriction of XML External Entity Reference),False,mismatched_patch_metadata_provenance,False,True,False,True,1,1.62,,681,135,816,9.8e-05,True,True,True,nifi;parse;parser;processing;source;xml,doctype;entity;external;parse;parser;xml;xxe,True,The parser must disable external entity processing to prevent XXE attacks.,static_predicate,low,True,False,False,False
adversarial::CVE-2022-0219::meta::CVE-2018-1309,adversarial_mismatched_positive_metadata,CVE-2022-0219,CVE-2018-1309,XXE (Improper Restriction of XML External Entity Reference),False,mismatched_patch_metadata_provenance,False,True,False,True,1,1.8,,477,179,656,8.2e-05,True,True,True,apache;content;handler;nifi;parse;parser;processing;source,doctype;entity;external;parse;parser;xml;xxe,True,"The XML parser must be configured to disable external entity processing (e.g., using a secure DocumentBuilderFactory) before parsing any XML input.",static_predicate,low,True,False,False,False
base::CVE-2020-9484,base,CVE-2020-9484,CVE-2020-9484,Path Travelsal,True,base_true_patch_diff,True,True,True,True,1,2.35,,586,184,770,0.000134,True,True,True,file;java;java.io.file,base;canonical;directory;file;normalize;path;realpath;startswith,True,"Before accessing a file derived from a session id, the code must verify that the file's canonical path starts with the canonical path of the storage directory.",static_predicate,low,False,True,False,True
adversarial::CVE-2018-19859::meta::CVE-2018-1002201,adversarial_mismatched_positive_metadata,CVE-2018-19859,CVE-2018-1002201,Path Travelsal,False,mismatched_patch_metadata_provenance,False,True,False,True,1,1.95,,549,189,738,9.5e-05,True,True,True,<init>;file;init;java;java.io.file,base;canonical;directory;file;normalize;path;realpath;startswith,True,"When constructing a File from a user-controlled name under a base directory, the resulting file's normalized path must start with the normalized base directory path to prevent path traversal.",static_predicate,low,True,False,False,False
base::CVE-2023-34462,base,CVE-2023-34462,CVE-2023-34462,Resource Exhaustion (Denial of Service),True,base_true_patch_diff,True,True,True,True,1,1.78,,587,135,722,0.00012,True,True,True,bytebuf;channelhandlercontext;client;decode;hello,decode;exhaustion;limit;resource,True,The decode method must enforce a maximum length on the client hello message to prevent resource exhaustion.,static_predicate,low,False,True,False,True
adversarial::CVE-2019-5312::meta::CVE-2018-1309,adversarial_mismatched_positive_metadata,CVE-2019-5312,CVE-2018-1309,XXE (Improper Restriction of XML External Entity Reference),False,mismatched_patch_metadata_provenance,False,True,False,True,1,1.78,,629,190,819,0.000106,True,True,True,apache;content;handler;nifi;org;parse;parser;source,doctype;entity;external;parse;parser;xml;xxe,True,"DocumentBuilderFactory.setFeature(""http://apache.org/xml/features/disallow-doctype-decl"", true) is called before parsing XML input to prevent XXE.",static_predicate,low,True,False,False,False
base::CVE-2022-25845,base,CVE-2022-25845,CVE-2022-25845,Deserialization of Untrusted Data,False,base_failed_patch_diff,True,False,False,True,1,1.73,,571,151,722,0.000122,True,True,False,alibaba;boolean;class;fastjson;load;loadclass;loader;utils,allowlist;block;class;deserialization;deserialize;fastjson;pickle;serialization,False,The loadClass method must reject deserialization of classes not in an explicit allowlist.,static_predicate,low,False,False,False,False
base::CVE-2023-29202,base,CVE-2023-29202,CVE-2023-29202,XSS (Cross-Site Scripting),False,base_failed_patch_diff,True,False,False,True,1,2.22,,570,139,709,0.000119,True,True,False,abstractblock;rendering;setparameter;xwiki,encode;escape;html;script;xss,False,AbstractBlock.setParameter must HTML-encode or sanitize the parameter value before storing it to prevent XSS.,static_predicate,medium,False,False,False,False
adversarial::CVE-2021-4178::meta::CVE-2020-17532,adversarial_mismatched_positive_metadata,CVE-2021-4178,CVE-2020-17532,Deserialization of Untrusted Data,False,mismatched_patch_metadata_provenance,False,True,False,True,1,1.74,,446,135,581,6.5e-05,True,True,True,inputstream;java;loadall;yaml,deserialization;deserialize;untrusted;yaml,True,Yaml instance uses SafeConstructor to restrict deserialization of arbitrary Java classes,static_predicate,low,True,False,False,False
base::CVE-2020-17532,base,CVE-2020-17532,CVE-2020-17532,Deserialization of Untrusted Data,True,base_true_patch_diff,True,True,True,True,1,1.41,,561,138,699,8.2e-05,True,True,True,loadall;yaml,deserialization;deserialize;yaml,True,Yaml.loadAll is called with SafeConstructor to prevent arbitrary object deserialization,static_predicate,low,False,True,False,True
base::CVE-2023-33202,base,CVE-2023-33202,CVE-2023-33202,Resource Exhaustion (Denial of Service),False,base_failed_patch_diff,True,False,False,True,1,1.87,,604,134,738,0.000122,True,True,True,asn1primitive;asn1set;bouncycastle;toderobject,asn1set;encode;exhaustion;resource,True,ASN1Set.toDERObject must not cause resource exhaustion when encoding unsorted sets with many elements,static_predicate,medium,True,False,False,False
base::CVE-2021-21605,base,CVE-2021-21605,CVE-2021-21605,Path Travelsal,True,base_true_patch_diff,True,True,True,True,1,2.36,,572,180,752,0.00013,True,True,True,<init>;file;init;java;java.io.file,base;canonical;directory;file;normalize;path;realpath;startswith,True,"When constructing a File from a user-controlled node name, the node name must be validated by Jenkins.checkGoodName to prevent path traversal.",security_rule,low,False,True,False,True
base::CVE-2021-44228,base,CVE-2021-44228,CVE-2021-44228,Expression Language Injection (JNDI Injection),False,base_failed_patch_diff,True,False,False,True,1,2.0,,579,163,742,0.000127,True,True,True,dircontext;directory;javax;javax.naming.directory.dircontext.lookup;lookup;naming,directory;injection;javax;jndi;lookup;naming,True,"JNDI lookup must be restricted to allowed LDAP classes, hosts, and protocols to prevent remote code execution via JNDI injection.",security_rule,low,True,False,False,False
adversarial::CVE-2021-33036::meta::CVE-2018-1002201,adversarial_mismatched_positive_metadata,CVE-2021-33036,CVE-2018-1002201,Path Travelsal,False,mismatched_patch_metadata_provenance,False,True,False,True,1,2.14,,518,205,723,9.5e-05,True,True,False,file;init;java;java.io.file;java.io.file.<init>,base;canonical;directory;file;normalize;path;realpath;startswith,False,"When constructing a java.io.File from a base directory and a child path, the child path must be validated to ensure it does not escape the base directory, typically by canonicalizing both paths and checking that the child's canonical path starts with the base's canonical path.",security_rule,low,False,False,False,False
base::CVE-2024-1300,base,CVE-2024-1300,CVE-2024-1300,Resource Exhaustion (Denial of Service),False,base_failed_patch_diff,True,False,False,True,1,1.63,,603,129,732,0.000121,True,True,True,sslcontext,,False,The sslClientContext method must not return a null SslContext when serverName is null.,static_predicate,low,False,False,False,False
adversarial::CVE-2023-38992::meta::CVE-2018-1002201,adversarial_mismatched_positive_metadata,CVE-2023-38992,CVE-2018-1002201,Path Travelsal,False,mismatched_patch_metadata_provenance,False,True,False,True,1,1.71,,509,175,684,8.5e-05,True,False,False,file;init;java;java.io.file.<init>,base;canonical;directory;file;normalize;path;realpath;startswith,False,The path constructed from user input must be validated to start with a canonical base directory before being used in file operations.,static_predicate,high,False,False,False,False
adversarial::CVE-2022-34170::meta::CVE-2019-10770,adversarial_mismatched_positive_metadata,CVE-2022-34170,CVE-2019-10770,XSS (Cross-Site Scripting),False,mismatched_patch_metadata_provenance,False,True,False,True,1,1.45,,595,126,721,8.3e-05,True,True,True,,escape;xss,False,The featureName attribute is escaped via h.escape() before being used in altText.,static_predicate,low,False,False,False,False
adversarial::CVE-2023-33202::meta::CVE-2021-29506,adversarial_mismatched_positive_metadata,CVE-2023-33202,CVE-2021-29506,Resource Exhaustion (Denial of Service),False,mismatched_patch_metadata_provenance,False,True,False,True,1,1.86,,605,164,769,9.5e-05,True,True,True,resource,exhaustion;resource,True,"The ASN1Set constructor must not set isSorted to true when elements are unsorted, to prevent resource exhaustion from repeated sorting.",static_predicate,low,True,False,False,False
base::CVE-2022-0219,base,CVE-2022-0219,CVE-2022-0219,XXE (Improper Restriction of XML External Entity Reference),False,base_failed_patch_diff,True,False,False,True,1,1.96,,461,155,616,0.000108,True,True,True,document;documentbuilder;dom;inputsource;javax;javax.xml.parsers.documentbuilder.parse;org;org.w3c.dom.document,doctype;entity;external;parse;xml;xxe,True,DocumentBuilder is created via XmlSecurity.getSecureDbf() which disables external entity processing,static_predicate,low,True,False,False,False
adversarial::CVE-2024-49760::meta::CVE-2018-1002201,adversarial_mismatched_positive_metadata,CVE-2024-49760,CVE-2018-1002201,Path Travelsal,False,mismatched_patch_metadata_provenance,False,True,False,True,1,1.77,,535,151,686,8.2e-05,True,True,True,<init>;file;init;java;java.io.file,canonical;directory;file;normalize;path;startswith;traversal,True,"The patch adds a check that the normalized absolute path of the constructed File starts with the normalized absolute path of the langs directory, preventing directory traversal.",static_predicate,low,True,False,False,False
base::CVE-2020-2223,base,CVE-2020-2223,CVE-2020-2223,XSS (Cross-Site Scripting),True,base_true_patch_diff,True,True,True,True,1,1.87,,604,153,757,0.000127,True,True,True,addmarkup;hudson;markup;text,escape;html;markup;xss,True,The url parameter passed to text.addMarkup must be HTML-escaped using Util.escape before being embedded in the href attribute.,static_predicate,low,False,True,False,True
base::CVE-2023-51747,base,CVE-2023-51747,CVE-2023-51747,XSS (Cross-Site Scripting),False,base_failed_patch_diff,True,False,False,True,1,1.71,,588,143,731,0.000122,True,False,False,byte;java;java.io.outputstream.write;outputstream;stream;write,byte;encode;escape;html;stream;xss,False,Data written to OutputStream must be HTML-encoded or escaped before being written to prevent XSS.,static_predicate,high,False,False,False,False
base::CVE-2023-37913,base,CVE-2023-37913,CVE-2023-37913,Path Travelsal,True,base_true_patch_diff,True,True,True,True,1,2.44,,547,185,732,0.000128,True,True,True,file;fileinputstream;init;java;java.io.fileinputstream.<init>;stream,base;block;canonical;directory;file;normalize;path;realpath,True,The file path passed to FileInputStream constructor must be canonicalized and checked to start with the allowed base directory to prevent path traversal.,static_predicate,low,False,True,False,True
adversarial::CVE-2019-17091::meta::CVE-2019-10770,adversarial_mismatched_positive_metadata,CVE-2019-17091,CVE-2019-10770,XSS (Cross-Site Scripting),False,mismatched_patch_metadata_provenance,False,True,False,True,1,1.71,,429,128,557,6.1e-05,True,True,True,writer,encode;escape;html;writer;xss,True,The writer must call writeText() instead of write() to ensure HTML encoding of window.getId() output.,static_predicate,low,True,False,False,False
base::CVE-2021-3312,base,CVE-2021-3312,CVE-2021-3312,XXE (Improper Restriction of XML External Entity Reference),True,base_true_patch_diff,True,True,True,True,1,1.84,,608,134,742,0.000123,True,True,True,,entity;external;reference,False,CmsXmlEntityResolver.resolveEntity must not return null without logging an error for disallowed external entities,static_predicate,low,False,False,False,False
base::CVE-2022-31197,base,CVE-2022-31197,CVE-2022-31197,SQL Injection,False,base_failed_patch_diff,True,False,False,True,1,1.66,,565,141,706,0.000119,True,True,True,executequery;resultset;sql,injection;sql,True,All column names and primary key names used in refreshRow must be escaped via Utils.escapeIdentifier before being concatenated into selectSQL.,static_predicate,low,True,False,False,False
adversarial::CVE-2024-1300::meta::CVE-2021-29506,adversarial_mismatched_positive_metadata,CVE-2024-1300,CVE-2021-29506,Resource Exhaustion (Denial of Service),False,mismatched_patch_metadata_provenance,False,True,False,True,1,1.53,,596,145,741,8.9e-05,True,True,False,getpointsfromrequest;graphhopper;http;javax;list;navigate;navigation;points,exhaustion;http;navigate;reject;request;resource;startswith,False,The function getPointsFromRequest must reject HTTP request parameters that do not start with a valid prefix to prevent resource exhaustion.,static_predicate,low,False,False,False,False
adversarial::CVE-2018-18240::meta::CVE-2020-17532,adversarial_mismatched_positive_metadata,CVE-2018-18240,CVE-2020-17532,Deserialization of Untrusted Data,False,mismatched_patch_metadata_provenance,False,True,False,True,1,1.49,,566,143,709,8.4e-05,True,True,True,iterable;load;snakeyaml;stream;yaml,deserialization;deserialize;pickle;serialization;yaml,True,WhitelistObjectInputStream checks class name against whitelist before deserialization,static_predicate,low,True,False,False,False
adversarial::CVE-2020-2229::meta::CVE-2019-10770,adversarial_mismatched_positive_metadata,CVE-2020-2229,CVE-2019-10770,XSS (Cross-Site Scripting),False,mismatched_patch_metadata_provenance,False,True,False,True,1,1.64,,594,171,765,9.6e-05,True,True,False,body;bodywriter;errorpagerenderer;internal;page;print;ratpack;renderer,encode;escape;html;page;print;script;writer;xss,False,The ErrorPageRenderer.BodyWriter.print method must HTML-encode user-controlled input before writing to the response body.,static_predicate,low,False,False,False,False
base::CVE-2022-47894,base,CVE-2022-47894,CVE-2022-47894,Improper Input Validation (Expression Injection),True,base_true_patch_diff,True,True,True,True,1,1.7,,567,118,685,0.000112,True,True,False,evaluate;expression;javax;namespace;qname;xpath,expression;external;xpath,False,The XPath expression must be validated against external input before being evaluated.,static_predicate,low,False,False,False,False
adversarial::CVE-2020-2223::meta::CVE-2019-10770,adversarial_mismatched_positive_metadata,CVE-2020-2223,CVE-2019-10770,XSS (Cross-Site Scripting),False,mismatched_patch_metadata_provenance,False,True,False,True,1,1.59,,615,138,753,9e-05,True,True,True,,escape;html,False,The url parameter passed to addMarkup must be HTML-escaped before being inserted into the href attribute.,static_predicate,low,False,False,False,False
adversarial::CVE-2018-12432::meta::CVE-2019-10770,adversarial_mismatched_positive_metadata,CVE-2018-12432,CVE-2019-10770,XSS (Cross-Site Scripting),False,mismatched_patch_metadata_provenance,False,True,False,True,1,1.69,,471,158,629,7.5e-05,True,True,True,,xss,False,The message argument passed to writeDirectly inside alert() must be encoded with both javascriptEncode and htmlEncodeButNotSpace to prevent XSS.,static_predicate,low,False,False,False,False
base::CVE-2018-1000407,base,CVE-2018-1000407,CVE-2018-1000407,XSS (Cross-Site Scripting),False,base_failed_patch_diff,True,False,False,True,1,1.62,,547,142,689,0.000116,True,True,True,byte;java;java.io.outputstream.write;outputstream;stream;void;write,,False,The wrapper parameter is validated against a regex before being written to the output stream.,static_predicate,low,False,False,False,False
base::CVE-2021-3856,base,CVE-2021-3856,CVE-2021-3856,Path Travelsal,True,base_true_patch_diff,True,True,True,True,1,2.1,,526,161,687,0.000119,True,True,True,classloader;getresourceasstream;resource,path;resource;startswith;traversal,True,The method getResourceAsStream must validate that the resolved resource URL path starts with the root resource URL path to prevent path traversal.,static_predicate,low,False,True,False,True
base::CVE-2022-31194,base,CVE-2022-31194,CVE-2022-31194,Path Travelsal,True,base_true_patch_diff,True,True,True,True,1,2.17,,538,176,714,0.000125,True,True,True,<init>;file;init;java,base;canonical;directory;escape;file;normalize;path;realpath,True,The canonical path of the file must start with the canonical path of the base directory to prevent path traversal.,static_predicate,low,False,True,False,True
base::CVE-2021-43859,base,CVE-2021-43859,CVE-2021-43859,Resource Exhaustion (Denial of Service),False,base_failed_patch_diff,True,False,False,True,1,2.31,,569,142,711,0.000119,True,True,True,converters;hierarchical;holder;reader;unmarshal;xstream,denial;exhaustion;nan;service,True,XStream unmarshal must reject NaN values to prevent CPU exhaustion denial of service.,security_rule,low,True,False,False,False
adversarial::CVE-2022-31195::meta::CVE-2018-1002201,adversarial_mismatched_positive_metadata,CVE-2022-31195,CVE-2018-1002201,Path Travelsal,False,mismatched_patch_metadata_provenance,False,True,False,True,1,1.9,,537,166,703,8.7e-05,True,True,True,<init>;file;init;java;java.io.file,canonical;directory;file;path;traversal,True,"Before constructing a File from a zip entry name and a destination directory, the canonical path of the resulting file must be checked to ensure it starts with the canonical path of the destination directory.",static_predicate,low,True,False,False,False
