task_id,gt_category,gt_rule_id,gt_function,objective_score,patch_commit,patch_available,patch_status,patch_url,patch_cache_path,patch_bytes,patch_sha256,patch_error,api_terms,protection_terms,vuln_terms,api_parent_hits,vuln_parent_hits,upstream_protection_hits,added_protection_hits,removed_protection_hits,parent_exposure_signal,upstream_protection_signal,directional_gain,oracle_validated
APACHE-COMMONS-001,Path Travelsal,"java.nio.file.Files.newInputStream:java.io.InputStream(java.nio.file.Path,java.nio.file.OpenOption[])",newInputStream,10.75,https://github.com/apache/commons-compress/commit/a080293da69f3fe3d11d5214432e1469ee195870,True,downloaded,https://github.com/apache/commons-compress/commit/a080293da69f3fe3d11d5214432e1469ee195870.patch,/root/mddc/artifacts/patch_cache/lxxvii_asr_patch_differential/a080293da69f3fe3d11d5214432e1469ee195870.patch_57d7ac99289c5bc7.patch,3954,5700af117bdf334df82842119c32f2e2055a57acad9698e8ac0287affca02625,,file;files;input;open;option;path;stream,allowlist;base;canonical;containment;directory;normalize;path;realpath;reject;startswith;traversal;validate;verify,canonical;directory;file;files;normalize;open;path;realpath;startswith;traversal,3,5,4,4,3,True,True,True,True
CVE-2018-1000407,XSS (Cross-Site Scripting),java.io.OutputStream.write:void(byte[]),write,13.25,https://github.com/jenkinsci/jenkins/commit/df87e12ddcfeafdba6e0de0e07b3e21f8473ece6,True,downloaded,https://github.com/jenkinsci/jenkins/commit/df87e12ddcfeafdba6e0de0e07b3e21f8473ece6.patch,/root/mddc/artifacts/patch_cache/lxxvii_asr_patch_differential/df87e12ddcfeafdba6e0de0e07b3e21f8473ece6.patch_33d98b93d20281a9.patch,8642,5bbe4d17aa81f42ba1f6de761800211d917edde90a13f066dcfe1d5b3a559d40,,byte;output;stream;write,block;encode;escape;html;sanitize;script;xss,encode;escape;html;sanitize;script;validation;xss,0,0,3,3,0,False,True,True,False
CVE-2018-1002201,Path Travelsal,"java.io.File.<init>:void(java.io.File,java.lang.String)",<init>,13.25,https://github.com/zeroturnaround/zt-zip/commit/759b72f33bc8f4d69f84f09fcb7f010ad45d6fff,True,downloaded,https://github.com/zeroturnaround/zt-zip/commit/759b72f33bc8f4d69f84f09fcb7f010ad45d6fff.patch,/root/mddc/artifacts/patch_cache/lxxvii_asr_patch_differential/759b72f33bc8f4d69f84f09fcb7f010ad45d6fff.patch_37d61b5102424114.patch,7916,d3fff1ead126641ef117cd7bc1faa81c22e3ae77819e01886e821e8ebaf42c91,,file;init,base;canonical;directory;normalize;path;realpath;startswith;traversal;validation,base;canonical;directory;file;normalize;path;realpath;safe;startswith;traversal,1,3,5,5,0,True,True,True,True
CVE-2018-11788,XXE (Improper Restriction of XML External Entity Reference),javax.xml.parsers.DocumentBuilder.parse:org.w3c.dom.Document(java.io.InputStream),parse,12.25,https://github.com/apache/karaf/commit/0c36c50bc158739c8fc8543122a6740c54adafca,True,downloaded,https://github.com/apache/karaf/commit/0c36c50bc158739c8fc8543122a6740c54adafca.patch,/root/mddc/artifacts/patch_cache/lxxvii_asr_patch_differential/0c36c50bc158739c8fc8543122a6740c54adafca.patch_e4610035e8c8fe3a.patch,5816,105348cae547a914e9bd47c69426479eeea7d51474d99e096ca8e8bc6eefe1f4,,builder;document;input;javax;parse;parsers;stream,doctype;entity;external;xml;xxe,doctype;entity;external;input;stream;xml;xxe,7,3,4,4,1,True,True,True,True
CVE-2018-1190,XSS (Cross-Site Scripting),"org.springframework.ui.Model.addAttribute:org.springframework.ui.Model(java.lang.String,java.lang.Object)",addAttribute,12.25,https://github.com/cloudfoundry/uaa/commit/96fe26711f8f8855d2994a531447f730afd61844,True,downloaded,https://github.com/cloudfoundry/uaa/commit/96fe26711f8f8855d2994a531447f730afd61844.patch,/root/mddc/artifacts/patch_cache/lxxvii_asr_patch_differential/96fe26711f8f8855d2994a531447f730afd61844.patch_adfa53e3a34690c5.patch,4979,27dc652d7df0d1db403dd097b69c057b1936e9c1bc743e88d15bcdcddc179d82,,attribute;model;springframework,encode;escape;html;sanitize;script;whitelist;xss,attribute;encode;escape;html;model;sanitize;script;xss,3,3,2,1,0,True,True,True,True
CVE-2018-12432,XSS (Cross-Site Scripting),net.bull.javamelody.HtmlCoreReport.writeln:void(java.lang.String),writeln,12.75,https://github.com/javamelody/javamelody/commit/e0497c1980acebd257d3da78dfde29ae9bdffdf6,True,downloaded,https://github.com/javamelody/javamelody/commit/e0497c1980acebd257d3da78dfde29ae9bdffdf6.patch,/root/mddc/artifacts/patch_cache/lxxvii_asr_patch_differential/e0497c1980acebd257d3da78dfde29ae9bdffdf6.patch_636d5a8412f83fa0.patch,1182,cd522d90745a8f9aed475d4ddbfb3c3c10250b2facdced05cc2b82fc2eb3973e,,bull;core;html;javamelody;report;writeln,encode;escape;html;sanitize;script;xss,encode;escape;html;report;sanitize;script;writeln;xss,6,5,3,3,2,True,True,True,True
CVE-2018-1309,XXE (Improper Restriction of XML External Entity Reference),"org.apache.nifi.xml.processing.sax.StandardInputSourceParser.parse:void(org.xml.sax.InputSource,org.xml.sax.ContentHandler)",parse,13.25,https://github.com/apache/nifi/commit/28067a29fd13cdf8e21b440fc65c6dd67872522f,True,downloaded,https://github.com/apache/nifi/commit/28067a29fd13cdf8e21b440fc65c6dd67872522f.patch,/root/mddc/artifacts/patch_cache/lxxvii_asr_patch_differential/28067a29fd13cdf8e21b440fc65c6dd67872522f.patch_cdd157514459c9d2.patch,19425,67c9bb81e96ac4ea95a50f8e7875ed8737c501c9b76a08663661d05de0e1cf99,,apache;content;handler;input;nifi;parse;parser;processing;source;standard,doctype;entity;external;xml;xxe,doctype;entity;external;input;parse;parser;xml;xxe,9,5,5,5,1,True,True,True,True
CVE-2018-17193,XSS (Cross-Site Scripting),"javax.servlet.ServletRequest.setAttribute:void(java.lang.String,java.lang.Object)",setAttribute,12.25,https://github.com/apache/nifi/commit/e62aa0252dfcf34dff0c3a9c51265b1d0f9dfc9f,True,downloaded,https://github.com/apache/nifi/commit/e62aa0252dfcf34dff0c3a9c51265b1d0f9dfc9f.patch,/root/mddc/artifacts/patch_cache/lxxvii_asr_patch_differential/e62aa0252dfcf34dff0c3a9c51265b1d0f9dfc9f.patch_57433589df20cf12.patch,22705,dd02060d8d873023a76302b3e9a992956f092d4a915630a57ea31b2ece4d9cc2,,attribute;javax;request;servlet,block;encode;escape;html;sanitize;script;validation;xss,attribute;encode;escape;html;request;sanitize;script;xss,4,6,5,3,1,True,True,True,True
CVE-2018-18240,Deserialization of Untrusted Data,java.io.ObjectInputStream.readObject:java.lang.Object(),readObject,10.25,https://github.com/pippo-java/pippo/commit/c6b26551a82d2dd32097fcb17c13c3b830916296,True,downloaded,https://github.com/pippo-java/pippo/commit/c6b26551a82d2dd32097fcb17c13c3b830916296.patch,/root/mddc/artifacts/patch_cache/lxxvii_asr_patch_differential/c6b26551a82d2dd32097fcb17c13c3b830916296.patch_b6c6d97276a0e0f4.patch,6707,d1645c84d80e8842d6023f0353da27182ff440b2d8340ebd1eb6f4675eb9c188,,input;read;stream,allowlist;deserialize;pickle;reject;safe;serialization,deserialize;pickle;read;serialization;stream,3,4,2,1,0,True,True,True,True
CVE-2018-18628,Deserialization of Untrusted Data,java.io.ObjectInputStream.readObject:java.lang.Object(),readObject,11.25,https://github.com/pippo-java/pippo/commit/c6b26551a82d2dd32097fcb17c13c3b830916296,True,cached,https://github.com/pippo-java/pippo/commit/c6b26551a82d2dd32097fcb17c13c3b830916296.patch,/root/mddc/artifacts/patch_cache/lxxvii_asr_patch_differential/c6b26551a82d2dd32097fcb17c13c3b830916296.patch_b6c6d97276a0e0f4.patch,6707,d1645c84d80e8842d6023f0353da27182ff440b2d8340ebd1eb6f4675eb9c188,,input;read;stream,allowlist;deserialize;pickle;serialization,allowlist;deserialize;filter;input;pickle;serialization;stream,3,4,2,1,0,True,True,True,True
CVE-2018-19859,Path Travelsal,"java.io.File.<init>:void(java.io.File,java.lang.String)",<init>,13.25,https://github.com/OpenRefine/OpenRefine/commit/e243e73e4064de87a913946bd320fbbe246da656,True,downloaded,https://github.com/OpenRefine/OpenRefine/commit/e243e73e4064de87a913946bd320fbbe246da656.patch,/root/mddc/artifacts/patch_cache/lxxvii_asr_patch_differential/e243e73e4064de87a913946bd320fbbe246da656.patch_b0ab62d6ade3ca51.patch,2299,e1e3145ebd0b1003cc19e393b8c6e566b99e4f4a686da66ba483216619df5c72,,file;init,base;canonical;directory;normalize;path;realpath;startswith;traversal;validation,base;canonical;directory;file;normalize;path;realpath;safe;startswith;traversal,2,2,5,4,0,True,True,True,True
CVE-2018-20059,XXE (Improper Restriction of XML External Entity Reference),javax.xml.bind.Unmarshaller.unmarshal:java.lang.Object(javax.xml.stream.XMLStreamReader),unmarshal,13.25,https://github.com/pippo-java/pippo/commit/9f36e5891c0b11f840e1e1561ae96d83ba9ce759,True,downloaded,https://github.com/pippo-java/pippo/commit/9f36e5891c0b11f840e1e1561ae96d83ba9ce759.patch,/root/mddc/artifacts/patch_cache/lxxvii_asr_patch_differential/9f36e5891c0b11f840e1e1561ae96d83ba9ce759.patch_155751459bd752c2.patch,2130,99bc583094b46c5a7bdebb19b0b2202761794c25637ffba688b8a720a55f9d3e,,bind;javax;reader;stream;unmarshal;unmarshaller;xmlstream,block;doctype;entity;external;xml;xxe,doctype;entity;external;xml;xxe,5,1,2,2,0,True,True,True,True
CVE-2019-10770,XSS (Cross-Site Scripting),ratpack.error.internal.ErrorPageRenderer$BodyWriter.print:ratpack.error.internal.ErrorPageRenderer$BodyWriter(java.lang.String),print,13.25,https://github.com/ratpack/ratpack/commit/a3cbb13be1527874528c3b99fc33517c0297b6d3,True,downloaded,https://github.com/ratpack/ratpack/commit/a3cbb13be1527874528c3b99fc33517c0297b6d3.patch,/root/mddc/artifacts/patch_cache/lxxvii_asr_patch_differential/a3cbb13be1527874528c3b99fc33517c0297b6d3.patch_35114c32b45fa114.patch,3082,2071bdd957f6bc84d3ed60b7775bc0f53668c082d235bf32ff610065e002bcd5,,body;error;internal;page;print;ratpack;renderer;writer,encode;escape;html;sanitize;script;xss,encode;error;escape;html;page;print;sanitize;script;writer;xss,8,6,3,3,0,True,True,True,True
CVE-2019-17091,XSS (Cross-Site Scripting),javax.faces.context.PartialResponseWriter.write:void(java.lang.String),write,12.25,https://github.com/eclipse-ee4j/mojarra/commit/a3fa9573789ed5e867c43ea38374f4dbd5a8f81f,True,downloaded,https://github.com/eclipse-ee4j/mojarra/commit/a3fa9573789ed5e867c43ea38374f4dbd5a8f81f.patch,/root/mddc/artifacts/patch_cache/lxxvii_asr_patch_differential/a3fa9573789ed5e867c43ea38374f4dbd5a8f81f.patch_e831b07e5d2b299c.patch,1074,ca0e78ff6e991351f6d03f8e65728b1551c4d507a2d0ad9eadd63202626861c6,,context;faces;javax;partial;response;write;writer,encode;escape;html;sanitize;script;xss,encode;escape;html;partial;response;sanitize;script;write;xss,5,2,0,0,0,True,False,False,False
CVE-2019-20366,XSS (Cross-Site Scripting),"javax.servlet.ServletRequest.setAttribute:void(java.lang.String,java.lang.Object)",setAttribute,13.25,https://github.com/igniterealtime/Openfire/commit/fef55d4be50da8f66f468d9e7d822528acb8273d,True,downloaded,https://github.com/igniterealtime/Openfire/commit/fef55d4be50da8f66f468d9e7d822528acb8273d.patch,/root/mddc/artifacts/patch_cache/lxxvii_asr_patch_differential/fef55d4be50da8f66f468d9e7d822528acb8273d.patch_388de7c35e939171.patch,4833,aea38493307d15c0cdd35fec2067ce82981a9152cf3b795c20acdab43b2669a1,,attribute;javax;request;servlet,encode;escape;html;sanitize;script;validation;xss,attribute;encode;escape;html;sanitize;script;xss,3,2,2,2,0,True,True,True,True
CVE-2019-3772,XXE (Improper Restriction of XML External Entity Reference),"javax.xml.transform.Transformer.transform:void(javax.xml.transform.Source,javax.xml.transform.Result)",transform,10.25,https://github.com/spring-projects/spring-integration/commit/59c69ed40d3755ef59f80872e0ea711adbb13620,True,downloaded,https://github.com/spring-projects/spring-integration/commit/59c69ed40d3755ef59f80872e0ea711adbb13620.patch,/root/mddc/artifacts/patch_cache/lxxvii_asr_patch_differential/59c69ed40d3755ef59f80872e0ea711adbb13620.patch_b3d784fdaac13be7.patch,62981,169d460e776d542bf0c67baff7e4a92e284de444c9d321ad9dd1dd70928357bf,,javax;result;source;transform;transformer,doctype;entity;external;xml;xxe,doctype;entity;external;result;source;transform;transformer;xml;xxe,5,5,2,2,1,True,True,True,True
CVE-2019-5312,XXE (Improper Restriction of XML External Entity Reference),javax.xml.parsers.DocumentBuilder.parse:org.w3c.dom.Document(java.io.InputStream),parse,13.25,https://github.com/Wechat-Group/WxJava/commit/8ec61d1328f50e23cd14285a950ca57a088b32b2,True,downloaded,https://github.com/Wechat-Group/WxJava/commit/8ec61d1328f50e23cd14285a950ca57a088b32b2.patch,/root/mddc/artifacts/patch_cache/lxxvii_asr_patch_differential/8ec61d1328f50e23cd14285a950ca57a088b32b2.patch_b931133b51a33db1.patch,4736,aff9ee855dc381bf9e3cf9773f119f0beba56c6115f66623a1f73af4620ca43f,,builder;document;input;javax;parse;parsers;stream,doctype;entity;external;xml;xxe,doctype;entity;external;input;stream;xml;xxe,5,4,3,3,1,True,True,True,True
CVE-2020-10683,XXE (Improper Restriction of XML External Entity Reference),org.dom4j.io.SAXReader.read:org.dom4j.Document(org.xml.sax.InputSource),read,11.25,https://github.com/dom4j/dom4j/commit/1707bf3d898a8ada3b213acb0e3b38f16eaae73d,True,downloaded,https://github.com/dom4j/dom4j/commit/1707bf3d898a8ada3b213acb0e3b38f16eaae73d.patch,/root/mddc/artifacts/patch_cache/lxxvii_asr_patch_differential/1707bf3d898a8ada3b213acb0e3b38f16eaae73d.patch_7c7bf4bbec0026da.patch,1449,13f5fb4c6d79b77311d7f0fe13eb1a5b146eeb41445b9f06489b464df8417e56,,document;dom4j;input;read;saxreader;source,doctype;entity;external;safe;xml;xxe,allow;doctype;document;dom4j;entity;external;read;saxreader;xml;xxe,6,4,2,2,0,True,True,True,True
CVE-2020-11995,Deserialization of Untrusted Data,"org.apache.dubbo.common.serialize.fastjson.FastJsonObjectInput.readObject:java.lang.Object(java.lang.Class,java.lang.reflect.Type)",readObject,11.25,https://github.com/apache/dubbo/commit/d2e9baf380108950c48e0ab700ccdbf11dd753ab,True,downloaded,https://github.com/apache/dubbo/commit/d2e9baf380108950c48e0ab700ccdbf11dd753ab.patch,/root/mddc/artifacts/patch_cache/lxxvii_asr_patch_differential/d2e9baf380108950c48e0ab700ccdbf11dd753ab.patch_e675817e2710e8b2.patch,19489,7123cf93d88b06b5a1709c86fa2c90d39a1efc56ab9b0ecaf30df5e3aaca5776,,apache;class;common;dubbo;fast;fastjson;input;json;read;reflect;serialize,allow;allowlist;deserialize;pickle;reject;safe;serialization;validate,allowlist;base;class;deserialize;fastjson;input;json;pickle;serialization;validation,7,3,2,1,0,True,True,True,True
CVE-2020-13921,SQL Injection,"org.apache.skywalking.oap.server.library.client.jdbc.hikaricp.JDBCHikariCPClient.executeQuery:java.sql.ResultSet(java.sql.Connection,java.lang.String,java.lang.Object[])",executeQuery,10.25,https://github.com/apache/skywalking/commit/fb7912c6bdda06a233f4b3e18e71a87d3e4a8951,True,downloaded,https://github.com/apache/skywalking/commit/fb7912c6bdda06a233f4b3e18e71a87d3e4a8951.patch,/root/mddc/artifacts/patch_cache/lxxvii_asr_patch_differential/fb7912c6bdda06a233f4b3e18e71a87d3e4a8951.patch_e71c8ace24db3787.patch,6039,4b23d88c4fb143fc5233896e64366bcd7361dfcb5baba1e1a4f8590dbbc6abf7,,apache;client;connection;cpclient;execute;hikaricp;jdbc;jdbchikari;library;query;result;server;skywalking,,allowlist;connection;query;validation,3,1,0,0,0,True,False,False,False
CVE-2020-13940,XXE (Improper Restriction of XML External Entity Reference),"org.apache.nifi.controller.serialization.FlowSerializer.transform:java.lang.Object(org.apache.nifi.controller.FlowController,org.apache.nifi.controller.serialization.ScheduledStateLookup)",transform,13.25,https://github.com/apache/nifi/commit/7f0416ee8bdcee95e28409cc6fae9c1394c2a798,True,downloaded,https://github.com/apache/nifi/commit/7f0416ee8bdcee95e28409cc6fae9c1394c2a798.patch,/root/mddc/artifacts/patch_cache/lxxvii_asr_patch_differential/7f0416ee8bdcee95e28409cc6fae9c1394c2a798.patch_70b87a24877bafc4.patch,79992,92dffc5c557e6d199c263de4a9d8575772646a33e48af8e00673e2bf06f75a12,,apache;controller;flow;lookup;nifi;scheduled;serialization;serializer;state;transform,doctype;entity;external;xml;xxe,doctype;entity;external;flow;serialization;transform;xml;xxe,10,8,5,5,3,True,True,True,True
CVE-2020-1714,Deserialization of Untrusted Data,java.io.ObjectInput.readObject:java.lang.Object(),readObject,10.25,https://github.com/keycloak/keycloak/commit/33863ba16117844930a38ebde57a25258f5b80fd,True,downloaded,https://github.com/keycloak/keycloak/commit/33863ba16117844930a38ebde57a25258f5b80fd.patch,/root/mddc/artifacts/patch_cache/lxxvii_asr_patch_differential/33863ba16117844930a38ebde57a25258f5b80fd.patch_461a366839349fb5.patch,28462,0744e7d35d51353e00bb8cc748315dad82a8565419f1fe5355bdd023bbbcb8e9,,input;read,allowlist;deserialize;pickle;safe;serialization,deserialize;pickle;read;serialization,2,3,2,1,0,True,True,True,True
CVE-2020-17532,Deserialization of Untrusted Data,org.yaml.snakeyaml.Yaml.loadAll:java.lang.Iterable(java.io.InputStream),loadAll,13.25,https://github.com/apache/servicecomb-java-chassis/commit/839a52e27c754cb5ce14f20063902f21065bd26c,True,downloaded,https://github.com/apache/servicecomb-java-chassis/commit/839a52e27c754cb5ce14f20063902f21065bd26c.patch,/root/mddc/artifacts/patch_cache/lxxvii_asr_patch_differential/839a52e27c754cb5ce14f20063902f21065bd26c.patch_4e66b3faaa9c32a5.patch,19864,6635628c12d1629fadb0d6a297077c48222802f5dc22a44e966826ef498a0a14,,input;iterable;load;snakeyaml;stream;yaml,deserialize;pickle;safe;serialization,deserialize;input;pickle;serialization;yaml,5,3,2,1,0,True,True,True,True
CVE-2020-1937,SQL Injection,org.apache.kylin.rest.service.QueryService.querySystemCube:org.apache.kylin.rest.response.SQLResponse(java.lang.String),querySystemCube,11.25,https://github.com/apache/kylin/commit/e373c64c96a54a7abfe4bccb82e8feb60db04749,True,downloaded,https://github.com/apache/kylin/commit/e373c64c96a54a7abfe4bccb82e8feb60db04749.patch,/root/mddc/artifacts/patch_cache/lxxvii_asr_patch_differential/e373c64c96a54a7abfe4bccb82e8feb60db04749.patch_70709991235b4fad.patch,10371,3e8d88832cdaacb29e11705d6ecce2ab75c256a327e79e7cb1f0e172a7cbfe96,,apache;cube;kylin;query;response;rest;service;sqlresponse;system,allowlist;authorization;reject;safe,allowlist;cube;query;system;validation,8,3,0,0,0,True,False,False,False
CVE-2020-2222,XSS (Cross-Site Scripting),com.gargoylesoftware.htmlunit.html.HtmlPage.executeJavaScript:com.gargoylesoftware.htmlunit.ScriptResult(java.lang.String),executeJavaScript,13.25,https://github.com/jenkinsci/jenkins/commit/e7443ef2ef255253231f3f1db0034fae39f0cba5,True,downloaded,https://github.com/jenkinsci/jenkins/commit/e7443ef2ef255253231f3f1db0034fae39f0cba5.patch,/root/mddc/artifacts/patch_cache/lxxvii_asr_patch_differential/e7443ef2ef255253231f3f1db0034fae39f0cba5.patch_e5cc6d7dfd757bdd.patch,8214,dbcac4d8ea8d1d2b909f3d5cfab986756bf06a40bf92214f7e8179f282d39423,,execute;gargoylesoftware;html;htmlunit;page;result;script,encode;escape;html;safe;sanitize;script;validate;validation;xss,encode;escape;html;sanitize;script;xss,0,1,6,6,0,False,True,True,False
CVE-2020-2223,XSS (Cross-Site Scripting),"hudson.MarkupText.addMarkup:void(int,int,java.lang.String,java.lang.String)",addMarkup,11.25,https://github.com/jenkinsci/jenkins/commit/11f4a351224ef04cfeb9c7636fb1590b67543f3c,True,downloaded,https://github.com/jenkinsci/jenkins/commit/11f4a351224ef04cfeb9c7636fb1590b67543f3c.patch,/root/mddc/artifacts/patch_cache/lxxvii_asr_patch_differential/11f4a351224ef04cfeb9c7636fb1590b67543f3c.patch_134ebbf3686ffc79.patch,3245,474002f8c6ae7c9846e5b075b2bdf6d3bf1854d05e431bccbdf92b14cee5eef7,,hudson;markup;text,allowlist;encode;escape;html;safe;sanitize;script;validation;xss,encode;escape;html;markup;sanitize;script;xss,3,2,3,2,0,True,True,True,True
CVE-2020-2229,XSS (Cross-Site Scripting),com.gargoylesoftware.htmlunit.html.HtmlPage.executeJavaScript:com.gargoylesoftware.htmlunit.ScriptResult(java.lang.String),executeJavaScript,12.25,https://github.com/jenkinsci/jenkins/commit/fe4cbe03804d6240d0b58d0b2301ea9530a34916,True,downloaded,https://github.com/jenkinsci/jenkins/commit/fe4cbe03804d6240d0b58d0b2301ea9530a34916.patch,/root/mddc/artifacts/patch_cache/lxxvii_asr_patch_differential/fe4cbe03804d6240d0b58d0b2301ea9530a34916.patch_ef3f642e5db7a223.patch,9565,cf2e6a366a222a5f245282c808893824a4b0f10a3212cf7adeeeb2ff9688aaf6,,execute;gargoylesoftware;html;htmlunit;page;result;script,encode;escape;html;safe;sanitize;script;xss,encode;escape;html;sanitize;script;xss,0,0,4,4,0,False,True,True,False
CVE-2020-9484,Path Travelsal,"java.io.File.<init>:void(java.io.File,java.lang.String)",<init>,13.25,https://github.com/apache/tomcat/commit/bb33048e3f9b4f2b70e4da2e6c4e34ca89023b1b,True,downloaded,https://github.com/apache/tomcat/commit/bb33048e3f9b4f2b70e4da2e6c4e34ca89023b1b.patch,/root/mddc/artifacts/patch_cache/lxxvii_asr_patch_differential/bb33048e3f9b4f2b70e4da2e6c4e34ca89023b1b.patch_5846e2a11607d8ee.patch,3524,4f9e53bbedd2979d198ee5a5c98ac658ac85904b5ce05c76049c3c5a37bd0123,,file;init,base;canonical;directory;normalize;path;realpath;startswith;traversal;validation,base;canonical;directory;file;normalize;path;realpath;safe;startswith;traversal,1,3,6,5,1,True,True,True,True
CVE-2021-21605,Path Travelsal,"java.io.File.<init>:void(java.io.File,java.lang.String)",<init>,13.25,https://github.com/jenkinsci/jenkins/commit/b19b34db4b24b163d4edc53ccb84f41a3589cb08,True,downloaded,https://github.com/jenkinsci/jenkins/commit/b19b34db4b24b163d4edc53ccb84f41a3589cb08.patch,/root/mddc/artifacts/patch_cache/lxxvii_asr_patch_differential/b19b34db4b24b163d4edc53ccb84f41a3589cb08.patch_3c25b0955fd329d6.patch,13422,5cc52210177cd20bacb20d3090856d11aef54133dd6eca4b986898cc57c30dba,,file;init,base;canonical;directory;normalize;path;realpath;startswith;traversal;validation,base;canonical;directory;file;normalize;path;realpath;safe;startswith;traversal,1,2,2,2,0,True,True,True,True
CVE-2021-21608,XSS (Cross-Site Scripting),com.gargoylesoftware.htmlunit.html.HtmlPage.executeJavaScript:com.gargoylesoftware.htmlunit.ScriptResult(java.lang.String),executeJavaScript,12.25,https://github.com/jenkinsci/jenkins/commit/8c451b08886561a914ef0c30cbb9d40ea33a9bbe,True,downloaded,https://github.com/jenkinsci/jenkins/commit/8c451b08886561a914ef0c30cbb9d40ea33a9bbe.patch,/root/mddc/artifacts/patch_cache/lxxvii_asr_patch_differential/8c451b08886561a914ef0c30cbb9d40ea33a9bbe.patch_304d3f63e4e4459d.patch,32172,8a745985668138379ff0ca733941a5afab96d6a28747d55c5ef2d7c5cec52c25,,execute;gargoylesoftware;html;htmlunit;page;result;script,encode;escape;html;sanitize;script;validation;xss,encode;escape;html;page;sanitize;script;xss,2,2,5,5,1,True,True,True,True
CVE-2021-21610,XSS (Cross-Site Scripting),"hudson.markup.MarkupFormatter.html:org.kohsuke.stapler.HttpResponse(int,java.lang.String,java.util.Map)",html,12.25,https://github.com/jenkinsci/jenkins/commit/89ec0c40b68cd1e4e9f9ef5ebcafd87e7fa16589,True,downloaded,https://github.com/jenkinsci/jenkins/commit/89ec0c40b68cd1e4e9f9ef5ebcafd87e7fa16589.patch,/root/mddc/artifacts/patch_cache/lxxvii_asr_patch_differential/89ec0c40b68cd1e4e9f9ef5ebcafd87e7fa16589.patch_18c2e3b047898db3.patch,7506,fb98844a529638d06c28907b8ca905482c64142e46fb89bd9aceb0b0a9bef2e0,,formatter;html;http;hudson;kohsuke;markup;response;stapler,encode;escape;html;sanitize;script;xss,encode;escape;html;http;response;sanitize;script;xss,8,4,2,2,1,True,True,True,True
CVE-2021-21611,XSS (Cross-Site Scripting),com.gargoylesoftware.htmlunit.html.HtmlPage.executeJavaScript:com.gargoylesoftware.htmlunit.ScriptResult(java.lang.String),executeJavaScript,12.25,https://github.com/jenkinsci/jenkins/commit/8c451b08886561a914ef0c30cbb9d40ea33a9bbe,True,cached,https://github.com/jenkinsci/jenkins/commit/8c451b08886561a914ef0c30cbb9d40ea33a9bbe.patch,/root/mddc/artifacts/patch_cache/lxxvii_asr_patch_differential/8c451b08886561a914ef0c30cbb9d40ea33a9bbe.patch_304d3f63e4e4459d.patch,32172,8a745985668138379ff0ca733941a5afab96d6a28747d55c5ef2d7c5cec52c25,,execute;gargoylesoftware;html;htmlunit;page;result;script,encode;escape;html;safe;sanitize;script;validate;xss,encode;escape;external;html;htmlunit;page;sanitize;script;xss,2,2,5,5,1,True,True,True,True
CVE-2021-21690,Path Travelsal,java.io.File.<init>:void(java.lang.String),<init>,12.25,https://github.com/jenkinsci/jenkins/commit/63cde2daadc705edf086f2213b48c8c547f98358,False,fetch_failed,https://github.com/jenkinsci/jenkins/commit/63cde2daadc705edf086f2213b48c8c547f98358.patch,/root/mddc/artifacts/patch_cache/lxxvii_asr_patch_differential/63cde2daadc705edf086f2213b48c8c547f98358.patch_6dec00f4a56bc12c.patch,0,,TimeoutError: The read operation timed out,file;init,base;canonical;directory;normalize;path;realpath;startswith;traversal,canonical;directory;escape;file;normalize;path;realpath;startswith;traversal;validation,0,0,0,0,0,False,False,False,False
CVE-2021-21692,Path Travelsal,java.io.File.<init>:void(java.lang.String),<init>,12.25,https://github.com/jenkinsci/jenkins/commit/104c751d907919dd53f5090f84d53c671a66457b,True,downloaded,https://github.com/jenkinsci/jenkins/commit/104c751d907919dd53f5090f84d53c671a66457b.patch,/root/mddc/artifacts/patch_cache/lxxvii_asr_patch_differential/104c751d907919dd53f5090f84d53c671a66457b.patch_8e6e03e7a25b433c.patch,4338,155243ca71ab6ce2e1eb0344f6e0fd02c2d854b1b762d02d4b221d40617c9f26,,file;init,base;canonical;directory;normalize;path;realpath;startswith;traversal,canonical;directory;escape;file;normalize;path;realpath;startswith;traversal;validation,1,3,1,1,1,True,True,False,False
CVE-2021-23463,XXE (Improper Restriction of XML External Entity Reference),javax.xml.parsers.DocumentBuilder.parse:org.w3c.dom.Document(java.io.InputStream),parse,13.25,https://github.com/apache/nifi/commit/7f0416ee8bdcee95e28409cc6fae9c1394c2a798,True,cached,https://github.com/apache/nifi/commit/7f0416ee8bdcee95e28409cc6fae9c1394c2a798.patch,/root/mddc/artifacts/patch_cache/lxxvii_asr_patch_differential/7f0416ee8bdcee95e28409cc6fae9c1394c2a798.patch_70b87a24877bafc4.patch,79992,92dffc5c557e6d199c263de4a9d8575772646a33e48af8e00673e2bf06f75a12,,builder;document;input;javax;parse;parsers;stream,doctype;entity;external;xml;xxe,doctype;entity;external;input;stream;xml;xxe,7,7,5,5,3,True,True,True,True
CVE-2021-25642,Deserialization of Untrusted Data,java.io.ObjectInputStream.readObject:java.lang.Object(),readObject,12.25,https://github.com/apache/hadoop/commit/5e2f4339fadc88f20543915fc9b0aaeaf4f9e7bf,True,downloaded,https://github.com/apache/hadoop/commit/5e2f4339fadc88f20543915fc9b0aaeaf4f9e7bf.patch,/root/mddc/artifacts/patch_cache/lxxvii_asr_patch_differential/5e2f4339fadc88f20543915fc9b0aaeaf4f9e7bf.patch_10a7f69dd9b4dde9.patch,9312,6279c4997375ae689daa9478d4f8a53c50664218a6f27ca6c414f3e16aeb31bf,,input;read;stream,allowlist;deserialize;pickle;serialization,deserialize;pickle;serialization;stream,3,2,2,1,0,True,True,True,True
CVE-2021-29506,Resource Exhaustion (Denial of Service),"com.graphhopper.navigation.NavigateResource.getPointsFromRequest:java.util.List(javax.servlet.http.HttpServletRequest,java.lang.String)",getPointsFromRequest,12.25,https://github.com/graphhopper/graphhopper/commit/eb189be1fa7443ebf4ae881e737a18f818c95f41,True,downloaded,https://github.com/graphhopper/graphhopper/commit/eb189be1fa7443ebf4ae881e737a18f818c95f41.patch,/root/mddc/artifacts/patch_cache/lxxvii_asr_patch_differential/eb189be1fa7443ebf4ae881e737a18f818c95f41.patch_5d93e0c60ba65a0e.patch,1773,ae710e6f827f21060c9c6a8649fe73cac2f90fbe36c0f861a21270e21ee29b08,,graphhopper;http;javax;list;navigate;navigation;points;request;resource;servlet,reject;startswith,http;navigate;request,9,3,1,1,0,True,True,True,True
CVE-2021-32769,Path Travelsal,java.lang.ClassLoader.getResourceAsStream:java.io.InputStream(java.lang.String),getResourceAsStream,13.25,https://github.com/micronaut-projects/micronaut-core/commit/a0cfeb13bf1ef5d692d16d4a3b91b34b7456bb11,True,downloaded,https://github.com/micronaut-projects/micronaut-core/commit/a0cfeb13bf1ef5d692d16d4a3b91b34b7456bb11.patch,/root/mddc/artifacts/patch_cache/lxxvii_asr_patch_differential/a0cfeb13bf1ef5d692d16d4a3b91b34b7456bb11.patch_23c8a3ac2c573ead.patch,21318,1218f282857ba3d44b0ee6f1e6fbfd57c984c869eb4bcbb150884b4daba13b99,,class;input;loader;resource;stream,base;canonical;directory;normalize;path;realpath;reject;sanitize;startswith;traversal;verify,canonical;directory;input;normalize;path;realpath;resource;startswith;traversal,5,5,6,6,4,True,True,True,True
CVE-2021-33036,Path Travelsal,org.apache.hadoop.util.curator.ZKCuratorManager.create:boolean(java.lang.String),create,13.25,https://github.com/apache/hadoop/commit/227d64ab59e8aa6477769b2542ad0cd7a6d855cb,True,downloaded,https://github.com/apache/hadoop/commit/227d64ab59e8aa6477769b2542ad0cd7a6d855cb.patch,/root/mddc/artifacts/patch_cache/lxxvii_asr_patch_differential/227d64ab59e8aa6477769b2542ad0cd7a6d855cb.patch_f38ae86c71d1ed38.patch,2251,5987976f3bfc261c1dfd6afb4d663564e154441e9b26758fc62b49fd434a02f8,,apache;boolean;create;curator;hadoop;manager;zkcurator,base;canonical;directory;normalize;path;realpath;startswith;traversal;validation,base;canonical;create;directory;normalize;path;realpath;startswith;traversal,2,2,1,1,1,True,True,False,False
CVE-2021-3312,XXE (Improper Restriction of XML External Entity Reference),org.opencms.util.CmsFileUtil.readFully:byte[](java.io.InputStream),readFully,12.25,https://github.com/alkacon/opencms-core/commit/92e035423aa6967822d343e54392d4291648c0ee,True,downloaded,https://github.com/alkacon/opencms-core/commit/92e035423aa6967822d343e54392d4291648c0ee.patch,/root/mddc/artifacts/patch_cache/lxxvii_asr_patch_differential/92e035423aa6967822d343e54392d4291648c0ee.patch_cd19a7abb06c2207.patch,2649,8d68ff60ee977e74cea07fd438b63573e9fe3afb08ed0e3dc6920c450ab37b5a,,byte;file;fully;input;opencms;read;stream,doctype;entity;external;sanitize;validate;xml;xxe,doctype;entity;external;file;input;stream;xml;xxe,6,6,2,2,1,True,True,True,True
CVE-2021-33561,XSS (Cross-Site Scripting),"javax.servlet.ServletRequest.setAttribute:void(java.lang.String,java.lang.Object)",setAttribute,12.25,https://github.com/shopizer-ecommerce/shopizer/commit/197f8c78c8f673b957e41ca2c823afc654c19271,True,downloaded,https://github.com/shopizer-ecommerce/shopizer/commit/197f8c78c8f673b957e41ca2c823afc654c19271.patch,/root/mddc/artifacts/patch_cache/lxxvii_asr_patch_differential/197f8c78c8f673b957e41ca2c823afc654c19271.patch_384c53c2ce67e9dd.patch,19799,35c794d52dd8b7f7e10a5ea43888ecae44c166c104c9280cc3ef09b979fcb6a1,,attribute;javax;request;servlet,encode;escape;html;sanitize;script;validation;xss,attribute;encode;escape;html;request;sanitize;script;xss,4,4,4,4,1,True,True,True,True
CVE-2021-33562,XSS (Cross-Site Scripting),"javax.servlet.ServletRequest.setAttribute:void(java.lang.String,java.lang.Object)",setAttribute,13.25,https://github.com/shopizer-ecommerce/shopizer/commit/197f8c78c8f673b957e41ca2c823afc654c19271,True,cached,https://github.com/shopizer-ecommerce/shopizer/commit/197f8c78c8f673b957e41ca2c823afc654c19271.patch,/root/mddc/artifacts/patch_cache/lxxvii_asr_patch_differential/197f8c78c8f673b957e41ca2c823afc654c19271.patch_384c53c2ce67e9dd.patch,19799,35c794d52dd8b7f7e10a5ea43888ecae44c166c104c9280cc3ef09b979fcb6a1,,attribute;javax;request;servlet,encode;escape;html;sanitize;script;xss,attribute;encode;escape;html;sanitize;script;xss,4,3,4,4,1,True,True,True,True
CVE-2021-37137,Resource Exhaustion (Denial of Service),"io.netty.handler.codec.compression.SnappyFrameDecoder.decode:void(io.netty.channel.ChannelHandlerContext,io.netty.buffer.ByteBuf,java.util.List)",decode,10.25,https://github.com/netty/netty/commit/6da4956b31023ae967451e1d94ff51a746a9194f,False,fetch_failed,https://github.com/netty/netty/commit/6da4956b31023ae967451e1d94ff51a746a9194f.patch,/root/mddc/artifacts/patch_cache/lxxvii_asr_patch_differential/6da4956b31023ae967451e1d94ff51a746a9194f.patch_cfa7b242bc32575b.patch,0,,TimeoutError: The read operation timed out,buffer;byte;channel;codec;compression;context;decode;decoder;frame;handler;list;netty;snappy,reject,buffer;compression;decode;decoder;snappy;validation,0,0,0,0,0,False,False,False,False
CVE-2021-3856,Path Travelsal,java.lang.ClassLoader.getResourceAsStream:java.io.InputStream(java.lang.String),getResourceAsStream,12.25,https://github.com/keycloak/keycloak/commit/73f0474008e1bebd0733e62a22aceda9e5de6743,True,downloaded,https://github.com/keycloak/keycloak/commit/73f0474008e1bebd0733e62a22aceda9e5de6743.patch,/root/mddc/artifacts/patch_cache/lxxvii_asr_patch_differential/73f0474008e1bebd0733e62a22aceda9e5de6743.patch_cfb0bfa154dcc17f.patch,4155,662bc972015846e3ad669c1d2a0e47c489fb883fec3727a2af4f9a92557e86d3,,class;input;loader;resource;stream,canonical;directory;normalize;path;realpath;startswith;traversal;validation,canonical;directory;input;normalize;path;realpath;resource;startswith;traversal,5,3,3,3,1,True,True,True,True
CVE-2021-4178,Deserialization of Untrusted Data,org.yaml.snakeyaml.Yaml.load:java.lang.Object(java.io.InputStream),load,12.25,https://github.com/fabric8io/kubernetes-client/commit/445103004d1ed3153d5abb272473451d05891e39,True,downloaded,https://github.com/fabric8io/kubernetes-client/commit/445103004d1ed3153d5abb272473451d05891e39.patch,/root/mddc/artifacts/patch_cache/lxxvii_asr_patch_differential/445103004d1ed3153d5abb272473451d05891e39.patch_9accfb719d31b170.patch,1559,360c18ed458722c8d1b6b7878a87746cf46f255d102a17e4a1c61f802e6dc8a2,,input;load;snakeyaml;stream;yaml,allowlist;deserialize;pickle;safe;serialization;validation,deserialize;pickle;serialization;snakeyaml;yaml,5,3,2,1,0,True,True,True,True
CVE-2021-43859,Resource Exhaustion (Denial of Service),"com.thoughtworks.xstream.XStream.unmarshal:java.lang.Object(com.thoughtworks.xstream.io.HierarchicalStreamReader,java.lang.Object,com.thoughtworks.xstream.converters.DataHolder)",unmarshal,12.25,https://github.com/x-stream/xstream/commit/e8e88621ba1c85ac3b8620337dd672e0c0c3a846,True,downloaded,https://github.com/x-stream/xstream/commit/e8e88621ba1c85ac3b8620337dd672e0c0c3a846.patch,/root/mddc/artifacts/patch_cache/lxxvii_asr_patch_differential/e8e88621ba1c85ac3b8620337dd672e0c0c3a846.patch_14873bda5656a18a.patch,39777,fd8015954ae2eb5a4ac4d35c93b433c8a9d93eafb8ea06633c6607d4f4eda5d6,,converters;data;hierarchical;holder;reader;stream;thoughtworks;unmarshal;xstream,,validation,9,1,0,0,0,True,False,False,False
CVE-2021-44228,Expression Language Injection (JNDI Injection),javax.naming.directory.DirContext.lookup:java.lang.Object(java.lang.String),lookup,12.25,https://github.com/apache/logging-log4j2/commit/c77b3cb39312b83b053d23a2158b99ac7de44dd3,True,downloaded,https://github.com/apache/logging-log4j2/commit/c77b3cb39312b83b053d23a2158b99ac7de44dd3.patch,/root/mddc/artifacts/patch_cache/lxxvii_asr_patch_differential/c77b3cb39312b83b053d23a2158b99ac7de44dd3.patch_1c13921c95557495.patch,32662,2b8ee54196f77a00ed3fdc3155965c3eee55c18d5969dddee1d4ca5d480bf87a,,context;directory;javax;lookup;naming,base;reject;safe;validation,directory;javax;lookup;naming,4,3,0,0,0,True,False,False,False
CVE-2022-0219,XXE (Improper Restriction of XML External Entity Reference),javax.xml.parsers.DocumentBuilder.parse:org.w3c.dom.Document(org.xml.sax.InputSource),parse,11.25,https://github.com/skylot/jadx/commit/d22db30166e7cb369d72be41382bb63ac8b81c52,True,downloaded,https://github.com/skylot/jadx/commit/d22db30166e7cb369d72be41382bb63ac8b81c52.patch,/root/mddc/artifacts/patch_cache/lxxvii_asr_patch_differential/d22db30166e7cb369d72be41382bb63ac8b81c52.patch_58366dc44d87a249.patch,1554,2b800ec7c5f83f1aaca6e13c32954c15835023f6b7821ec7b871583a6368130e,,builder;document;input;javax;parse;parsers;source,doctype;entity;external;xml;xxe,doctype;entity;external;parse;xml;xxe,7,2,1,1,1,True,True,False,False
CVE-2022-0265,XXE (Improper Restriction of XML External Entity Reference),javax.xml.parsers.DocumentBuilder.parse:org.w3c.dom.Document(java.io.InputStream),parse,13.25,https://github.com/hazelcast/hazelcast/commit/4d6b666cd0291abd618c3b95cdbb51aa4208e748,True,downloaded,https://github.com/hazelcast/hazelcast/commit/4d6b666cd0291abd618c3b95cdbb51aa4208e748.patch,/root/mddc/artifacts/patch_cache/lxxvii_asr_patch_differential/4d6b666cd0291abd618c3b95cdbb51aa4208e748.patch_6e3b89e075beaeb6.patch,19300,9e10a29af66e97fe759ece8121e60face3156d2bb22dbde3ed0f54857a0a8d9c,,builder;document;input;javax;parse;parsers;stream,doctype;entity;external;xml;xxe,doctype;entity;external;input;stream;xml;xxe,7,7,5,5,5,True,True,False,False
CVE-2022-1274,XSS (Cross-Site Scripting),"org.keycloak.forms.login.LoginFormsProvider.setAttribute:org.keycloak.forms.login.LoginFormsProvider(java.lang.String,java.lang.Object)",setAttribute,12.25,https://github.com/keycloak/keycloak/commit/fc3c61235fa30132123c17ed8702ff7b3a672fe9,True,downloaded,https://github.com/keycloak/keycloak/commit/fc3c61235fa30132123c17ed8702ff7b3a672fe9.patch,/root/mddc/artifacts/patch_cache/lxxvii_asr_patch_differential/fc3c61235fa30132123c17ed8702ff7b3a672fe9.patch_1beeb5e4afa7011d.patch,15638,48d24ef3845298f6174ab9154ff2031e87479d5f06d22b7527366c136942d4be,,attribute;forms;keycloak;login;provider,encode;escape;html;sanitize;script;xss,attribute;encode;escape;html;sanitize;script;xss,4,0,1,1,0,True,True,True,True
CVE-2022-1782,XSS (Cross-Site Scripting),"com.erudika.para.core.utils.Utils.compileMustache:java.lang.String(java.util.Map,java.lang.String)",compileMustache,13.25,https://github.com/erudika/para/commit/9d844f31333475a0394dd14b901ea50674b281f8,True,downloaded,https://github.com/erudika/para/commit/9d844f31333475a0394dd14b901ea50674b281f8.patch,/root/mddc/artifacts/patch_cache/lxxvii_asr_patch_differential/9d844f31333475a0394dd14b901ea50674b281f8.patch_46c44e8564c1fd20.patch,3525,dbd7b7d864e6fa571b3f022161da37abbc94e09c58dbd84dc94840a8a586bd6a,,compile;core;erudika;mustache;para;utils,encode;escape;html;sanitize;script;xss,encode;escape;html;sanitize;script;xss,6,2,2,2,2,True,True,False,False
CVE-2022-23532,Path Travelsal,java.io.File.<init>:void(java.lang.String),<init>,12.25,https://github.com/neo4j-contrib/neo4j-apoc-procedures/commit/01e63ed2d187cd2a8aa1d78bf831ef0fdd69b522,False,fetch_failed,https://github.com/neo4j-contrib/neo4j-apoc-procedures/commit/01e63ed2d187cd2a8aa1d78bf831ef0fdd69b522.patch,/root/mddc/artifacts/patch_cache/lxxvii_asr_patch_differential/01e63ed2d187cd2a8aa1d78bf831ef0fdd69b522.patch_3c5b0e27a38f87e5.patch,0,,TimeoutError: The read operation timed out,file;init,base;canonical;directory;normalize;path;realpath;startswith;traversal,canonical;directory;escape;file;normalize;path;realpath;startswith;traversal;validation,0,0,0,0,0,False,False,False,False
CVE-2022-24847,Expression Language Injection (JNDI Injection),javax.naming.Context.lookup:java.lang.Object(java.lang.String),lookup,13.25,https://github.com/geoserver/geoserver/commit/b94a69943992df999d627b21a4ed056fad4569f8,False,fetch_failed,https://github.com/geoserver/geoserver/commit/b94a69943992df999d627b21a4ed056fad4569f8.patch,/root/mddc/artifacts/patch_cache/lxxvii_asr_patch_differential/b94a69943992df999d627b21a4ed056fad4569f8.patch_0a703368f33cbe57.patch,0,,TimeoutError: The read operation timed out,context;javax;lookup;naming,allowlist;validation,lookup;validation,0,0,0,0,0,False,False,False,False
CVE-2022-25845,Deserialization of Untrusted Data,"com.alibaba.fastjson.util.TypeUtils.loadClass:java.lang.Class(java.lang.String,java.lang.ClassLoader,boolean)",loadClass,11.25,https://github.com/alibaba/fastjson/commit/35db4adad70c32089542f23c272def1ad920a60d,True,downloaded,https://github.com/alibaba/fastjson/commit/35db4adad70c32089542f23c272def1ad920a60d.patch,/root/mddc/artifacts/patch_cache/lxxvii_asr_patch_differential/35db4adad70c32089542f23c272def1ad920a60d.patch_e3b0d5d9faf563f2.patch,7480,1f11a27be47f9905b40a78817b9d39086074bae7aafa57382d7870d2e225260e,,alibaba;boolean;class;fastjson;load;loader;utils,allowlist;block;deserialize;pickle;safe;serialization,class;deserialize;fastjson;pickle;serialization,3,3,1,0,0,True,False,False,False
CVE-2022-29253,Path Travelsal,java.lang.ClassLoader.getResource:java.net.URL(java.lang.String),getResource,12.25,https://github.com/xwiki/xwiki-platform/commit/4917c8f355717bb636d763844528b1fe0f95e8e2,True,downloaded,https://github.com/xwiki/xwiki-platform/commit/4917c8f355717bb636d763844528b1fe0f95e8e2.patch,/root/mddc/artifacts/patch_cache/lxxvii_asr_patch_differential/4917c8f355717bb636d763844528b1fe0f95e8e2.patch_404ef1a1c33b18c6.patch,3565,c38260013fe782df829abd9eb43caae923f96c2cc2ed4b4288cf14113a994f09,,class;loader;resource,allowlist;base;canonical;directory;normalize;path;realpath;startswith;traversal;verify,canonical;directory;escape;loader;normalize;path;realpath;resource;startswith;traversal,3,6,4,4,1,True,True,True,True
CVE-2022-31192,XSS (Cross-Site Scripting),"org.dspace.app.webui.util.JSPManager.showJSP:void(javax.servlet.http.HttpServletRequest,javax.servlet.http.HttpServletResponse,java.lang.String)",showJSP,13.25,https://github.com/DSpace/DSpace/commit/28eb8158210d41168a62ed5f9e044f754513bc37,True,downloaded,https://github.com/DSpace/DSpace/commit/28eb8158210d41168a62ed5f9e044f754513bc37.patch,/root/mddc/artifacts/patch_cache/lxxvii_asr_patch_differential/28eb8158210d41168a62ed5f9e044f754513bc37.patch_1d61f268a6d25196.patch,4205,0c616c22ac8a6ad08e2bc8d6db62865df54cb221d0b9445a6858c93f1d56734b,,dspace;http;javax;jspmanager;request;response;servlet;show;webui,encode;escape;html;safe;sanitize;script;validation;xss,encode;escape;html;http;request;response;sanitize;script;xss,4,1,2,2,0,True,True,True,True
CVE-2022-31194,Path Travelsal,java.io.File.<init>:void(java.lang.String),<init>,13.25,https://github.com/DSpace/DSpace/commit/7569c6374aefeafb996e202cf8d631020eda5f24,True,downloaded,https://github.com/DSpace/DSpace/commit/7569c6374aefeafb996e202cf8d631020eda5f24.patch,/root/mddc/artifacts/patch_cache/lxxvii_asr_patch_differential/7569c6374aefeafb996e202cf8d631020eda5f24.patch_d132a2335cf786fc.patch,8284,d5ded5a2e24022e28abac4f29114cb3d4960b804e58bc70911c9afe76ef3fd30,,file;init,base;canonical;directory;normalize;path;realpath;startswith;traversal,canonical;directory;escape;file;normalize;path;realpath;startswith;traversal;validation,1,3,5,5,0,True,True,True,True
CVE-2022-31195,Path Travelsal,java.io.File.<init>:void(java.lang.String),<init>,13.25,https://github.com/DSpace/DSpace/commit/56e76049185bbd87c994128a9d77735ad7af0199,True,downloaded,https://github.com/DSpace/DSpace/commit/56e76049185bbd87c994128a9d77735ad7af0199.patch,/root/mddc/artifacts/patch_cache/lxxvii_asr_patch_differential/56e76049185bbd87c994128a9d77735ad7af0199.patch_d25b946790d42ed3.patch,4896,f995189b14e6d4e9e06888d3556d4bdf2ba1428675c882b4a6f8d9cb7be0c305,,file;init,base;canonical;directory;normalize;path;realpath;startswith;traversal,canonical;directory;escape;file;normalize;path;realpath;startswith;traversal;validation,1,3,5,5,0,True,True,True,True
CVE-2022-31197,SQL Injection,java.sql.PreparedStatement.executeQuery:java.sql.ResultSet(),executeQuery,13.25,https://github.com/pgjdbc/pgjdbc/commit/739e599d52ad80f8dcd6efedc6157859b1a9d637,True,downloaded,https://github.com/pgjdbc/pgjdbc/commit/739e599d52ad80f8dcd6efedc6157859b1a9d637.patch,/root/mddc/artifacts/patch_cache/lxxvii_asr_patch_differential/739e599d52ad80f8dcd6efedc6157859b1a9d637.patch_abb9869a034c97d2.patch,4896,4d5fd818f72cd21225959c782b958e300e76b8026fb173a65bf850fd13ecd49d,,execute;prepared;query;result;statement,,authentication;query,1,0,0,0,0,True,False,False,False
CVE-2022-34170,XSS (Cross-Site Scripting),"com.gargoylesoftware.htmlunit.html.HtmlPage.executeJavaScript:com.gargoylesoftware.htmlunit.ScriptResult(java.lang.String,java.lang.String,int)",executeJavaScript,12.25,https://github.com/jenkinsci/jenkins/commit/f71495a63f8b861e8ca3a5fcf5cc931fce55bc57,True,downloaded,https://github.com/jenkinsci/jenkins/commit/f71495a63f8b861e8ca3a5fcf5cc931fce55bc57.patch,/root/mddc/artifacts/patch_cache/lxxvii_asr_patch_differential/f71495a63f8b861e8ca3a5fcf5cc931fce55bc57.patch_59b72d23a3192753.patch,5654,c2a18b22a31c8e29d9a26e6bf113bc7b9bd8985aed885719c8d9e607189c1b64,,execute;gargoylesoftware;html;htmlunit;page;result;script,encode;escape;html;sanitize;script;validation;xss,encode;escape;html;sanitize;script;xss,0,0,4,4,0,False,True,True,False
CVE-2022-34271,Path Travelsal,"java.nio.file.Files.write:java.nio.file.Path(java.nio.file.Path,byte[],java.nio.file.OpenOption[])",write,11.25,https://github.com/apache/atlas/commit/3415913d252597c24c6b5d19d315375a49e64152,True,downloaded,https://github.com/apache/atlas/commit/3415913d252597c24c6b5d19d315375a49e64152.patch,/root/mddc/artifacts/patch_cache/lxxvii_asr_patch_differential/3415913d252597c24c6b5d19d315375a49e64152.patch_f9eb667e65a967aa.patch,6365,f1253f01b7695d257986357e352f0d7706f3b3921d3f0fa41ca84ae0f3df739f,,byte;file;files;open;option;path;write,authorization;base;canonical;directory;limit;normalize;path;realpath;reject;startswith;symlink;traversal;validate,base;canonical;directory;file;files;normalize;path;realpath;startswith;traversal;write,5,6,3,3,2,True,True,True,True
CVE-2022-34916,Expression Language Injection (JNDI Injection),javax.naming.InitialContext.lookup:java.lang.Object(java.lang.String),lookup,12.25,https://github.com/apache/logging-flume/commit/7fe9af49c485756e1b618493a5bc00b70d7fbd2d,True,downloaded,https://github.com/apache/logging-flume/commit/7fe9af49c485756e1b618493a5bc00b70d7fbd2d.patch,/root/mddc/artifacts/patch_cache/lxxvii_asr_patch_differential/7fe9af49c485756e1b618493a5bc00b70d7fbd2d.patch_29b4aa5d909375e5.patch,4402,0bde40260eaa4dd69021e934a7200566b461a67ec5fa7d568ab4028337f873c9,,context;initial;javax;lookup;naming,validation,lookup,5,1,0,0,0,True,False,False,False
CVE-2022-37423,Path Travelsal,"java.io.File.<init>:void(java.io.File,java.lang.String)",<init>,12.25,https://github.com/neo4j-contrib/neo4j-apoc-procedures/commit/d2f415c6f703bbc2cda4a753928821ff15d5c620,True,downloaded,https://github.com/neo4j-contrib/neo4j-apoc-procedures/commit/d2f415c6f703bbc2cda4a753928821ff15d5c620.patch,/root/mddc/artifacts/patch_cache/lxxvii_asr_patch_differential/d2f415c6f703bbc2cda4a753928821ff15d5c620.patch_c1b3fe70ab7f51d0.patch,2603,7ff231cb9244cd744b1606fde26f80b15f5cfb6f3863315998f1d25f570a127b,,file;init,base;canonical;directory;normalize;path;realpath;startswith;traversal;validation,base;canonical;directory;file;normalize;path;realpath;safe;startswith;traversal,1,5,4,3,3,True,True,False,False
CVE-2022-4065,Path Travelsal,"java.io.File.<init>:void(java.io.File,java.lang.String)",<init>,13.25,https://github.com/cbeust/testng/commit/47afa2c8a29e2cf925238af1ad7c76fba282793f,False,fetch_failed,https://github.com/cbeust/testng/commit/47afa2c8a29e2cf925238af1ad7c76fba282793f.patch,/root/mddc/artifacts/patch_cache/lxxvii_asr_patch_differential/47afa2c8a29e2cf925238af1ad7c76fba282793f.patch_cd7121e4c1b7dddc.patch,0,,TimeoutError: The read operation timed out,file;init,base;canonical;directory;normalize;path;realpath;startswith;traversal;validation,base;canonical;directory;file;normalize;path;realpath;safe;startswith;traversal,0,0,0,0,0,False,False,False,False
CVE-2022-45208,SQL Injection,org.jeecg.modules.system.mapper.SysUserMapper.deleteLogicDeleted:int(java.lang.String),deleteLogicDeleted,13.25,https://github.com/jeecgboot/jeecg-boot/commit/51e2227bfe54f5d67b09411ee9a336750164e73d,True,downloaded,https://github.com/jeecgboot/jeecg-boot/commit/51e2227bfe54f5d67b09411ee9a336750164e73d.patch,/root/mddc/artifacts/patch_cache/lxxvii_asr_patch_differential/51e2227bfe54f5d67b09411ee9a336750164e73d.patch_725440327c323c50.patch,5160,c59318736176f388b4be7f723de96ac61f9bf5bfc4f3ddde564e26586e66b139,,delete;deleted;jeecg;logic;mapper;modules;system;user,safe,delete,8,1,0,0,0,True,False,False,False
CVE-2022-45210,SQL Injection,org.jeecg.modules.system.mapper.SysUserMapper.deleteLogicDeleted:int(java.lang.String),deleteLogicDeleted,13.25,https://github.com/jeecgboot/jeecg-boot/commit/51e2227bfe54f5d67b09411ee9a336750164e73d,True,cached,https://github.com/jeecgboot/jeecg-boot/commit/51e2227bfe54f5d67b09411ee9a336750164e73d.patch,/root/mddc/artifacts/patch_cache/lxxvii_asr_patch_differential/51e2227bfe54f5d67b09411ee9a336750164e73d.patch_725440327c323c50.patch,5160,c59318736176f388b4be7f723de96ac61f9bf5bfc4f3ddde564e26586e66b139,,delete;deleted;jeecg;logic;mapper;modules;system;user,,,8,0,0,0,0,True,False,False,False
CVE-2022-47894,Improper Input Validation (Expression Injection),"javax.xml.xpath.XPathExpression.evaluate:java.lang.Object(java.lang.Object,javax.xml.namespace.QName)",evaluate,12.25,https://github.com/apache/zeppelin/commit/bea51d1467d6103bd8fd68d6a27b14f954d98ec6,True,downloaded,https://github.com/apache/zeppelin/commit/bea51d1467d6103bd8fd68d6a27b14f954d98ec6.patch,/root/mddc/artifacts/patch_cache/lxxvii_asr_patch_differential/bea51d1467d6103bd8fd68d6a27b14f954d98ec6.patch_7d9b456f66b87da2.patch,5731,bb3a4250c3f533602e968a9dcc5a5a9f98cd5dfec243bfb1d8e4a9fdc62f1484,,evaluate;expression;javax;namespace;qname;xpath,external;validation,expression;xpath,3,2,1,1,0,True,True,True,True
CVE-2023-0871,XXE (Improper Restriction of XML External Entity Reference),"javax.xml.bind.Unmarshaller.unmarshal:javax.xml.bind.JAXBElement(org.w3c.dom.Node,java.lang.Class)",unmarshal,12.25,https://github.com/OpenNMS/opennms/commit/5a3b0b62e0c612c9e2aa2c91c847abec71d767d5,True,downloaded,https://github.com/OpenNMS/opennms/commit/5a3b0b62e0c612c9e2aa2c91c847abec71d767d5.patch,/root/mddc/artifacts/patch_cache/lxxvii_asr_patch_differential/5a3b0b62e0c612c9e2aa2c91c847abec71d767d5.patch_e8ef8bacfae10ba1.patch,1490,2d4ce4e3752ffdee18de7aed33e66e972f62012c91f297950d68734d5b622666,,bind;class;javax;jaxbelement;node;unmarshal;unmarshaller,block;doctype;entity;external;reject;xml;xxe,doctype;entity;external;node;unmarshal;xml;xxe,0,3,3,2,2,True,True,False,False
CVE-2023-22832,XXE (Improper Restriction of XML External Entity Reference),org.apache.nifi.xml.processing.parsers.StandardDocumentProvider.parse:org.w3c.dom.Document(java.io.InputStream),parse,11.25,https://github.com/apache/nifi/commit/e966336e8966cf0cbbd12a2c4f2d73a7ceb75cd8,True,downloaded,https://github.com/apache/nifi/commit/e966336e8966cf0cbbd12a2c4f2d73a7ceb75cd8.patch,/root/mddc/artifacts/patch_cache/lxxvii_asr_patch_differential/e966336e8966cf0cbbd12a2c4f2d73a7ceb75cd8.patch_df786e615ba42f7d.patch,7358,b7f8e569595b7fcd65c55d86dca9b7bfd9c7f6a521249e1399a8b0625efcef46,,apache;document;input;nifi;parse;parsers;processing;provider;standard;stream,doctype;entity;external;xml;xxe,doctype;entity;external;parse;xml;xxe,6,1,3,3,0,True,True,True,True
CVE-2023-26480,XSS (Cross-Site Scripting),org.xwiki.livedata.LiveDataQuery.setProperties:void(java.util.List),setProperties,13.25,https://github.com/xwiki/xwiki-platform/commit/556e7823260b826f344c1a6e95d935774587e028,True,downloaded,https://github.com/xwiki/xwiki-platform/commit/556e7823260b826f344c1a6e95d935774587e028.patch,/root/mddc/artifacts/patch_cache/lxxvii_asr_patch_differential/556e7823260b826f344c1a6e95d935774587e028.patch_b1c9d5ac917c5e53.patch,51602,9d446c8c0ef2bf1125e1fb0bd89f19ffc96e07c90ac4d7b485878565e876ef0b,,data;list;live;livedata;properties;query;xwiki,encode;escape;html;reject;sanitize;script;validation;xss,encode;escape;html;list;properties;sanitize;script;xss,7,5,4,4,3,True,True,True,True
CVE-2023-27480,XXE (Improper Restriction of XML External Entity Reference),javax.xml.parsers.DocumentBuilder.parse:org.w3c.dom.Document(java.io.InputStream),parse,12.25,https://github.com/xwiki/xwiki-platform/commit/e3527b98fdd8dc8179c24dc55e662b2c55199434,True,downloaded,https://github.com/xwiki/xwiki-platform/commit/e3527b98fdd8dc8179c24dc55e662b2c55199434.patch,/root/mddc/artifacts/patch_cache/lxxvii_asr_patch_differential/e3527b98fdd8dc8179c24dc55e662b2c55199434.patch_3d45aa68b772fe82.patch,1304,9f8d4feafbecb25acc7535c139d53f4258bc00cd71d63a09e3dff6a479f3fc1c,,builder;document;input;javax;parse;parsers;stream,doctype;entity;external;xml;xxe,doctype;document;entity;external;parse;stream;xml;xxe,3,2,3,3,0,True,True,True,True
CVE-2023-29202,XSS (Cross-Site Scripting),"org.xwiki.rendering.block.AbstractBlock.setParameter:void(java.lang.String,java.lang.String)",setParameter,13.25,https://github.com/xwiki/xwiki-platform/commit/5c7ebe47c2897e92d8f04fe2e15027e84dc3ec03,True,downloaded,https://github.com/xwiki/xwiki-platform/commit/5c7ebe47c2897e92d8f04fe2e15027e84dc3ec03.patch,/root/mddc/artifacts/patch_cache/lxxvii_asr_patch_differential/5c7ebe47c2897e92d8f04fe2e15027e84dc3ec03.patch_ca0fbf3141cd3cc3.patch,21012,ee636b5d88780cac64ce8cf695d7089063d6f1f3b558925b6b3db1c9289a7f39,,abstract;block;rendering;xwiki,encode;escape;html;sanitize;script;xss,encode;escape;html;sanitize;script;xss,3,2,2,2,2,True,True,False,False
CVE-2023-33202,Resource Exhaustion (Denial of Service),org.bouncycastle.asn1.ASN1Set.toDERObject:org.bouncycastle.asn1.ASN1Primitive(),toDERObject,10.5,https://github.com/bcgit/bc-java/commit/0c576892862ed41894f49a8f639112e8d66d229c,True,downloaded,https://github.com/bcgit/bc-java/commit/0c576892862ed41894f49a8f639112e8d66d229c.patch,/root/mddc/artifacts/patch_cache/lxxvii_asr_patch_differential/0c576892862ed41894f49a8f639112e8d66d229c.patch_0c5190c7398d6385.patch,4986,682e52943dd25687d9deacc7ef73f02460e27bffd9ea16a7a534f6ae2187175b,,asn1;asn1primitive;asn1set;bouncycastle;derobject,,asn1set;encode,5,1,0,0,0,True,False,False,False
CVE-2023-34040,Deserialization of Untrusted Data,java.io.ObjectInput.readObject:java.lang.Object(),readObject,10.25,https://github.com/spring-projects/spring-kafka/commit/25ac793a78725e2ca4a3a2888a1506a4bfcf0c9d,True,downloaded,https://github.com/spring-projects/spring-kafka/commit/25ac793a78725e2ca4a3a2888a1506a4bfcf0c9d.patch,/root/mddc/artifacts/patch_cache/lxxvii_asr_patch_differential/25ac793a78725e2ca4a3a2888a1506a4bfcf0c9d.patch_9586b4435b0abfb7.patch,29953,52cf0a1139e088cc6a052ed8d4b6c8ed5e29be4c704e230bb749689db4bfed45,,input;read,deserialize;pickle;reject;serialization;validation,deserialize;input;pickle;read;serialization,0,2,2,2,2,True,True,False,False
CVE-2023-34462,Resource Exhaustion (Denial of Service),"io.netty.handler.ssl.SslClientHelloHandler.decode:void(io.netty.channel.ChannelHandlerContext,io.netty.buffer.ByteBuf,java.util.List)",decode,11.25,https://github.com/netty/netty/commit/535da17e45201ae4278c0479e6162bb4127d4c32,True,downloaded,https://github.com/netty/netty/commit/535da17e45201ae4278c0479e6162bb4127d4c32.patch,/root/mddc/artifacts/patch_cache/lxxvii_asr_patch_differential/535da17e45201ae4278c0479e6162bb4127d4c32.patch_fd21dfd7414f7521.patch,13443,30dbc0992e7cdbfe7bba37ebcbf723bc89f13ccc5d72370b4c753d2512334144,,buffer;byte;channel;client;context;decode;handler;hello;list;netty,check;limit;reject;validate,byte;decode,10,2,1,1,0,True,True,True,True
CVE-2023-34602,SQL Injection,org.jeecg.common.util.security.AbstractQueryBlackListHandler.getQueryTableInfo:java.util.List(java.lang.String),getQueryTableInfo,12.25,https://github.com/jeecgboot/JeecgBoot/commit/dd7bf104e7ed59142909567ecd004335c3442ec5,True,downloaded,https://github.com/jeecgboot/JeecgBoot/commit/dd7bf104e7ed59142909567ecd004335c3442ec5.patch,/root/mddc/artifacts/patch_cache/lxxvii_asr_patch_differential/dd7bf104e7ed59142909567ecd004335c3442ec5.patch_b25cc0484674164d.patch,3218,3ec0ffe5a9832f7301b49452285ed806b8c3665c422580112f95488a2c83ac7f,,abstract;black;common;handler;info;jeecg;list;query;security;table,allowlist;validation,abstract;table,7,2,0,0,0,True,False,False,False
CVE-2023-37476,Path Travelsal,java.io.FileInputStream.<init>:void(java.io.File),<init>,12.25,https://github.com/OpenRefine/OpenRefine/commit/e9c1e65d58b47aec8cd676bd5c07d97b002f205e,False,fetch_failed,https://github.com/OpenRefine/OpenRefine/commit/e9c1e65d58b47aec8cd676bd5c07d97b002f205e.patch,/root/mddc/artifacts/patch_cache/lxxvii_asr_patch_differential/e9c1e65d58b47aec8cd676bd5c07d97b002f205e.patch_cb87e5420cc0b58b.patch,0,,TimeoutError: The read operation timed out,file;init;input;stream,base;block;canonical;directory;normalize;path;realpath;startswith;traversal,canonical;check;directory;file;normalize;path;realpath;startswith;traversal;validation,0,0,0,0,0,False,False,False,False
CVE-2023-37913,Path Travelsal,java.io.FileInputStream.<init>:void(java.io.File),<init>,12.25,https://github.com/xwiki/xwiki-platform/commit/45d182a4141ff22f3ff289cf71e4669bdc714544,True,downloaded,https://github.com/xwiki/xwiki-platform/commit/45d182a4141ff22f3ff289cf71e4669bdc714544.patch,/root/mddc/artifacts/patch_cache/lxxvii_asr_patch_differential/45d182a4141ff22f3ff289cf71e4669bdc714544.patch_ef5b651cbe1ea320.patch,124631,817dfee3a55213265c33ec96bcfb3e42982c8ea09fb931ce53fe61ab7a86d894,,file;init;input;stream,base;block;canonical;directory;normalize;path;realpath;startswith;traversal,canonical;check;directory;file;normalize;path;realpath;startswith;traversal;validation,3,4,5,5,3,True,True,True,True
CVE-2023-38992,SQL Injection,"org.jeecg.modules.system.service.ISysDictService.queryTreeList:java.util.List(java.util.Map,java.lang.String,java.lang.String,java.lang.String,java.lang.String,java.lang.String,java.lang.String,int)",queryTreeList,13.25,https://github.com/jeecgboot/jeecg-boot/commit/648e66d5ef1547a01ff77bf9875f960ca39bbe8e,True,downloaded,https://github.com/jeecgboot/jeecg-boot/commit/648e66d5ef1547a01ff77bf9875f960ca39bbe8e.patch,/root/mddc/artifacts/patch_cache/lxxvii_asr_patch_differential/648e66d5ef1547a01ff77bf9875f960ca39bbe8e.patch_85f57a50f00ecfbb.patch,1665,e138dcd22cfbea22aa37cdd203cd4cb7986bc90e7c80e89ab527e42262c98443,,dict;isys;jeecg;list;modules;query;service;system;tree,allowlist;external;reject;safe;validate,query,8,1,0,0,0,True,False,False,False
CVE-2023-39151,XSS (Cross-Site Scripting),"hudson.AbstractMarkupText.addMarkup:void(int,int,java.lang.String,java.lang.String)",addMarkup,12.25,https://github.com/jenkinsci/jenkins/1b9f1ccdbb7d00705b036d1332908fe52c2cd7ae,False,fetch_failed,https://github.com/jenkinsci/jenkins/1b9f1ccdbb7d00705b036d1332908fe52c2cd7ae.patch,/root/mddc/artifacts/patch_cache/lxxvii_asr_patch_differential/1b9f1ccdbb7d00705b036d1332908fe52c2cd7ae.patch_314d9fb3bdfbcca1.patch,0,,URLError: <urlopen error [Errno 104] Connection reset by peer>,abstract;hudson;markup;text,allow;allowlist;encode;escape;html;reject;safe;sanitize;script;validation;xss,encode;escape;html;markup;sanitize;script;text;xss,0,0,0,0,0,False,False,False,False
CVE-2023-39410,Deserialization of Untrusted Data,"org.apache.avro.io.DirectBinaryDecoder$ByteReader.read:java.nio.ByteBuffer(java.nio.ByteBuffer,long)",read,13.25,https://github.com/apache/avro/commit/a12a7e44ddbe060c3dc731863cad5c15f9267828,True,downloaded,https://github.com/apache/avro/commit/a12a7e44ddbe060c3dc731863cad5c15f9267828.patch,/root/mddc/artifacts/patch_cache/lxxvii_asr_patch_differential/a12a7e44ddbe060c3dc731863cad5c15f9267828.patch_e99b2ee90b530e40.patch,46755,ec290859555c9e5482b9850723cd4f7426f5a6d630a58f5a99f9d8707da3433c,,apache;avro;binary;buffer;byte;decoder;direct;long;read;reader,deserialize;pickle;safe;serialization;validation,avro;buffer;deserialize;pickle;read;serialization;validation,10,4,1,0,0,True,False,False,False
CVE-2023-40828,Path Travelsal,java.io.File.<init>:void(java.lang.String),<init>,13.25,https://github.com/pf4j/pf4j/commit/8e0aa198c4e652cfc1eb9e05ca9b64397f67cc72,True,downloaded,https://github.com/pf4j/pf4j/commit/8e0aa198c4e652cfc1eb9e05ca9b64397f67cc72.patch,/root/mddc/artifacts/patch_cache/lxxvii_asr_patch_differential/8e0aa198c4e652cfc1eb9e05ca9b64397f67cc72.patch_ea93ffaa379551ff.patch,4645,41a1af070e4a3a094a91639da11dcd650cd23fc70a1b24a3a119caf6ea337dd3,,file;init,base;canonical;directory;normalize;path;realpath;startswith;traversal,canonical;directory;escape;file;normalize;path;realpath;startswith;traversal;validation,1,3,4,4,0,True,True,True,True
CVE-2023-41034,XXE (Improper Restriction of XML External Entity Reference),javax.xml.validation.SchemaFactory.newSchema:javax.xml.validation.Schema(javax.xml.transform.Source),newSchema,13.25,https://github.com/eclipse-leshan/leshan/commit/29577d2879ba8e7674c3b216a7f01193fc7ae013,True,downloaded,https://github.com/eclipse-leshan/leshan/commit/29577d2879ba8e7674c3b216a7f01193fc7ae013.patch,/root/mddc/artifacts/patch_cache/lxxvii_asr_patch_differential/29577d2879ba8e7674c3b216a7f01193fc7ae013.patch_8bda36d16d10e1b4.patch,5328,197db6b9f285b99fea7d59ed1f31f1a7d22c0bfb7e0e888e0c523c8e41acbc95,,factory;javax;schema;source;transform;validation,doctype;entity;external;xml;xxe,doctype;entity;external;source;xml;xxe,4,2,5,5,1,True,True,True,True
CVE-2023-42809,Deserialization of Untrusted Data,java.io.ObjectInput.readObject:java.lang.Object(),readObject,11.25,https://github.com/redisson/redisson/commit/fe6a2571801656ff1599ef87bdee20f519a5d1fe,True,downloaded,https://github.com/redisson/redisson/commit/fe6a2571801656ff1599ef87bdee20f519a5d1fe.patch,/root/mddc/artifacts/patch_cache/lxxvii_asr_patch_differential/fe6a2571801656ff1599ef87bdee20f519a5d1fe.patch_d2200fe7a89607d2.patch,5143,8c6185511bf845a7533dc82a5336a3f2bee0a5710b0aac3da0c3db6be4a57175,,input;read,allow;deserialize;pickle;reject;serialization,deserialize;pickle;serialization,2,1,2,2,0,True,True,True,True
CVE-2023-46604,Deserialization of Untrusted Data,java.io.ObjectInput.readObject:java.lang.Object(),readObject,10.25,https://github.com/apache/activemq/commit/80089f9f476afab7d976f5fc37c5ab4aa0c2139d,True,downloaded,https://github.com/apache/activemq/commit/80089f9f476afab7d976f5fc37c5ab4aa0c2139d.patch,/root/mddc/artifacts/patch_cache/lxxvii_asr_patch_differential/80089f9f476afab7d976f5fc37c5ab4aa0c2139d.patch_efa8d1a79b742af6.patch,38058,b2672ac145072a795f73212da44b51d55f7305d0246507d3acc684c9db08bc2f,,input;read,allowlist;deserialize;pickle;reject;serialization,deserialize;pickle;serialization;validation,0,1,0,0,0,False,False,False,False
CVE-2023-49299,Improper Input Validation (Expression Injection),org.apache.dolphinscheduler.server.master.utils.SwitchTaskUtils.evaluate:boolean(java.lang.String),evaluate,12.25,https://github.com/apache/dolphinscheduler/commit/b5eddc0ce85d379080a51bf2162477f7d8c1b7d2,True,downloaded,https://github.com/apache/dolphinscheduler/commit/b5eddc0ce85d379080a51bf2162477f7d8c1b7d2.patch,/root/mddc/artifacts/patch_cache/lxxvii_asr_patch_differential/b5eddc0ce85d379080a51bf2162477f7d8c1b7d2.patch_55f88a968819f0c2.patch,11670,74f7617cee336fd8755a5fcdffecf7844e828647cc21649952eca06249b61da6,,apache;boolean;dolphinscheduler;evaluate;master;server;switch;task;utils,safe;validation,validation,8,0,0,0,0,True,False,False,False
CVE-2023-51747,XSS (Cross-Site Scripting),java.io.OutputStream.write:void(byte[]),write,12.25,https://github.com/apache/james-project/commit/d1ef102540e504c067b6c1721a6f1e7eee9c6fc6,True,downloaded,https://github.com/apache/james-project/commit/d1ef102540e504c067b6c1721a6f1e7eee9c6fc6.patch,/root/mddc/artifacts/patch_cache/lxxvii_asr_patch_differential/d1ef102540e504c067b6c1721a6f1e7eee9c6fc6.patch_df13c8c7f0c11ecb.patch,5751,78d2c1cd0422a0fd13202ff06287c0e76dec9aa4d259b24d40191515dab82efc,,byte;output;stream;write,encode;escape;html;sanitize;script;xss,byte;encode;escape;html;output;sanitize;script;stream;xss,3,3,0,0,0,True,False,False,False
CVE-2023-6134,XSS (Cross-Site Scripting),java.io.OutputStream.write:void(byte[]),write,10.75,https://github.com/keycloak/keycloak/commit/15a21bf8e4fb71f006ba9caf25b9c9d1d152cd20,True,downloaded,https://github.com/keycloak/keycloak/commit/15a21bf8e4fb71f006ba9caf25b9c9d1d152cd20.patch,/root/mddc/artifacts/patch_cache/lxxvii_asr_patch_differential/15a21bf8e4fb71f006ba9caf25b9c9d1d152cd20.patch_ec711bbcdef95454.patch,15165,f88983160b75147514a40f8f3f8651d02c53491b84d29ec3a4f0f20964b47c02,,byte;output;stream;write,encode;escape;html;safe;sanitize;script;xss,byte;encode;escape;html;sanitize;script;write;xss,0,1,2,1,0,False,True,True,False
CVE-2024-1300,Resource Exhaustion (Denial of Service),"io.vertx.core.net.impl.SslChannelProvider.sslContext:io.netty.handler.ssl.SslContext(java.lang.String,boolean,boolean,boolean)",sslContext,10.5,https://github.com/eclipse-vertx/vert.x/commit/3d9235cadf44df39a70dc75bddfe0b8fcbd6a683,True,downloaded,https://github.com/eclipse-vertx/vert.x/commit/3d9235cadf44df39a70dc75bddfe0b8fcbd6a683.patch,/root/mddc/artifacts/patch_cache/lxxvii_asr_patch_differential/3d9235cadf44df39a70dc75bddfe0b8fcbd6a683.patch_c8f6645bee83eb25.patch,9347,6cf0016e97521502912d39d3d598d786a68bb86f02038d53f66cd1e52dfe844c,,boolean;channel;context;core;handler;impl;netty;provider;vertx,check;limit;normalize;reject;validation,host;provider,9,2,1,0,0,True,False,False,False
CVE-2024-1597,SQL Injection,java.sql.PreparedStatement.executeQuery:java.sql.ResultSet(),executeQuery,12.25,https://github.com/pgjdbc/pgjdbc/commit/06abfb78a627277a580d4df825f210e96a4e14ee,True,downloaded,https://github.com/pgjdbc/pgjdbc/commit/06abfb78a627277a580d4df825f210e96a4e14ee.patch,/root/mddc/artifacts/patch_cache/lxxvii_asr_patch_differential/06abfb78a627277a580d4df825f210e96a4e14ee.patch_92e3e0fcf567191f.patch,13401,8240a0f7f94aea432afc0c23ed7634091824af05e9581f15f2228c9687ffe15b,,execute;prepared;query;result;statement,,authentication;query,5,1,0,0,0,True,False,False,False
CVE-2024-22399,Deserialization of Untrusted Data,io.seata.core.serializer.Serializer.deserialize:java.lang.Object(byte[]),deserialize,10.25,https://github.com/apache/incubator-seata/commit/d577cfc147f7d6615e458016671d7953816ed193,True,downloaded,https://github.com/apache/incubator-seata/commit/d577cfc147f7d6615e458016671d7953816ed193.patch,/root/mddc/artifacts/patch_cache/lxxvii_asr_patch_differential/d577cfc147f7d6615e458016671d7953816ed193.patch_bfa84e71adacf0bd.patch,5030,50c295e0be2459c99e23b084236e0c73ebf2cae9a9ad099151c2efe072e1e88c,,byte;core;deserialize;seata;serializer,authentication;deserialize;pickle;reject;safe;serialization;signature;validation,byte;deserialize;pickle;serialization;serializer,5,3,3,3,1,True,True,True,True
CVE-2024-22399-1,Deserialization of Untrusted Data,com.alibaba.com.caucho.hessian.io.Hessian2Input.readObject:java.lang.Object(),readObject,11.25,https://github.com/apache/incubator-seata/commit/736f2b936ad44c9cdda2a8b3dcc5884b3e0ff285,True,downloaded,https://github.com/apache/incubator-seata/commit/736f2b936ad44c9cdda2a8b3dcc5884b3e0ff285.patch,/root/mddc/artifacts/patch_cache/lxxvii_asr_patch_differential/736f2b936ad44c9cdda2a8b3dcc5884b3e0ff285.patch_ba14b518aa26acf9.patch,5202,d042afc083e66c2a90561681cc2a252ad5448fba950a2de95dc5312ac80d6b0a,,alibaba;caucho;hessian;hessian2input;read,deserialize;pickle;reject;serialization,deserialize;pickle;safe;serialization,4,0,0,0,0,True,False,False,False
CVE-2024-23642,XSS (Cross-Site Scripting),org.geoserver.wms.svg.SVGWriter.write:void(java.lang.String),write,10.75,https://github.com/geoserver/geoserver/commit/1b1835afbb9c282d1840786259aeda81c1d22b00,True,downloaded,https://github.com/geoserver/geoserver/commit/1b1835afbb9c282d1840786259aeda81c1d22b00.patch,/root/mddc/artifacts/patch_cache/lxxvii_asr_patch_differential/1b1835afbb9c282d1840786259aeda81c1d22b00.patch_d20b36b7d4ba010d.patch,7697,585332d5cb420b031520543ee648ba2a9b3d2368d9320184b25bcf63984378ea,,geoserver;svgwriter;write,encode;escape;html;sanitize;script;validation;xss,encode;escape;html;sanitize;script;write;xss,2,2,2,1,0,True,True,True,True
CVE-2024-28213,Deserialization of Untrusted Data,java.io.ObjectInputStream.readObject:java.lang.Object(),readObject,12.25,https://github.com/naver/ngrinder/commit/85efa4a075354e077a700262ef78e2e9119881bf,True,downloaded,https://github.com/naver/ngrinder/commit/85efa4a075354e077a700262ef78e2e9119881bf.patch,/root/mddc/artifacts/patch_cache/lxxvii_asr_patch_differential/85efa4a075354e077a700262ef78e2e9119881bf.patch_82e0274142b454a7.patch,4224,1d17b65711fade5d86cb88d059c08c343e036d8e580f76589fa8526f59b19721,,input;read;stream,allowlist;deserialize;pickle;reject;serialization,deserialize;pickle;serialization;stream,3,1,1,1,0,True,True,True,True
CVE-2024-36404,Improper Input Validation,"org.apache.commons.jxpath.ri.JXPathContextReferenceImpl.getValue:java.lang.Object(java.lang.String,org.apache.commons.jxpath.ri.compiler.Expression)",getValue,13.25,https://github.com/geotools/geotools/commit/f0c9961dc4d40c5acfce2169fab92805738de5ea,False,fetch_failed,https://github.com/geotools/geotools/commit/f0c9961dc4d40c5acfce2169fab92805738de5ea.patch,/root/mddc/artifacts/patch_cache/lxxvii_asr_patch_differential/f0c9961dc4d40c5acfce2169fab92805738de5ea.patch_cf9808d4a7d4b397.patch,0,,URLError: <urlopen error [Errno 104] Connection reset by peer>,apache;commons;compiler;context;expression;impl;jxpath;reference,external,context;external,0,0,0,0,0,False,False,False,False
CVE-2024-37358,Resource Exhaustion (Denial of Service),"org.apache.james.imap.decode.main.DefaultImapDecoder.decode:org.apache.james.imap.api.ImapMessage(org.apache.james.imap.decode.ImapRequestLineReader,org.apache.james.imap.api.process.ImapSession)",decode,11.25,https://github.com/apache/james-project/commit/6dd3ad9ea1f6a9bc887d2c7af3f5aa30a60ec769,False,fetch_failed,https://github.com/apache/james-project/commit/6dd3ad9ea1f6a9bc887d2c7af3f5aa30a60ec769.patch,/root/mddc/artifacts/patch_cache/lxxvii_asr_patch_differential/6dd3ad9ea1f6a9bc887d2c7af3f5aa30a60ec769.patch_1e1d4d2033f6afb2.patch,0,,TimeoutError: The read operation timed out,apache;decode;decoder;default;imap;james;line;main;message;process;reader;request;session,check,imap;line;request,0,0,0,0,0,False,False,False,False
CVE-2024-49760,Path Travelsal,"java.io.File.<init>:void(java.io.File,java.lang.String)",<init>,13.25,https://github.com/OpenRefine/OpenRefine/commit/24d084052dc55426fe460f2a17524fd18d28b20c,True,downloaded,https://github.com/OpenRefine/OpenRefine/commit/24d084052dc55426fe460f2a17524fd18d28b20c.patch,/root/mddc/artifacts/patch_cache/lxxvii_asr_patch_differential/24d084052dc55426fe460f2a17524fd18d28b20c.patch_b18a3dd4dd0b1346.patch,3124,a6101060bb9faca6913da80475857d8c226c0dccfaf0b40b936f6d885e437e79,,file;init,base;canonical;directory;normalize;path;realpath;startswith;traversal;validation,base;canonical;directory;file;normalize;path;realpath;safe;startswith;traversal,1,2,4,4,1,True,True,True,True
CVE-2025-25193,Resource Exhaustion (Denial of Service),io.netty.handler.stream.ChunkedStream.readChunk:io.netty.buffer.ByteBuf(io.netty.buffer.ByteBufAllocator),readChunk,12.25,https://github.com/netty/netty/commit/d1fbda62d3a47835d3fb35db8bd42ecc205a5386,True,downloaded,https://github.com/netty/netty/commit/d1fbda62d3a47835d3fb35db8bd42ecc205a5386.patch,/root/mddc/artifacts/patch_cache/lxxvii_asr_patch_differential/d1fbda62d3a47835d3fb35db8bd42ecc205a5386.patch_2a4312637ad6ba40.patch,5349,6940cb6fef754cf9ad3949544838f100c0164d2c7cc8e01dc34737fbe2fc6d88,,allocator;buffer;byte;chunk;chunked;handler;netty;read;stream,safe,buffer;stream,5,2,0,0,0,True,False,False,False
CVE-2025-31129,Deserialization of Untrusted Data,java.io.ObjectInput.readObject:java.lang.Object(),readObject,10.25,https://github.com/jooby-project/jooby/commit/3e13562cf36d7407813eae464e0f4b598de15692,True,downloaded,https://github.com/jooby-project/jooby/commit/3e13562cf36d7407813eae464e0f4b598de15692.patch,/root/mddc/artifacts/patch_cache/lxxvii_asr_patch_differential/3e13562cf36d7407813eae464e0f4b598de15692.patch_35ea4fb1aa7ef98b.patch,45397,59606a1fb52a94f6751031321724cb69e4cc8ee0fc54fbf702ba197911b1e1e9,,input;read,allowlist;deserialize;pickle;safe;serialization;validation,deserialize;pickle;serialization,2,0,2,2,0,True,True,True,True
